source	symbol	value
crates/crucible-api/src/lifecycle/session_contract.rs	DOMAIN	b"crucible.resume-observation-source.v1\0"
crates/crucible-api/src/lifecycle/session_contract.rs	DOMAIN	b"crucible.resume-replay-closure.v1\0"
crates/crucible-api/src/rpc_abi.rs	RPC_PROTOCOL_VERSION	ProtocolVersion { major: RPC_PROTOCOL_MAJOR, minor: RPC_PROTOCOL_MINOR, patch: RPC_PROTOCOL_PATCH, build: RPC_PROTOCOL_BUILD, }
crates/crucible-api/src/rpc_abi.rs	GOLDEN_VECTOR_RPC_PROTOCOL_VERSION	ProtocolVersion { major: 8, minor: 0, patch: 0, build: "crucible-rpc-abi-v8", }
crates/crucible-api/src/vm_lifecycle.rs	PRODUCTION_RUN_LOCK_VERSION	1
crates/crucible-api/src/vm_lifecycle/checkpoint_store.rs	MANIFEST_MAGIC	b"crucible.production-exact-closure.v9\0"
crates/crucible-api/src/vm_lifecycle/checkpoint_store.rs	MANIFEST_VERSION	PRODUCTION_EXACT_CLOSURE_SCHEMA_VERSION
crates/crucible-api/src/vm_lifecycle/checkpoint_store/replay.rs	REPLAY_ORACLE_EVIDENCE_MAGIC	b"crucible.production-replay-oracle.v1\0"
crates/crucible-api/src/vm_lifecycle/network_faults.rs	NETWORK_ADAPTER_CHECKPOINT_VERSION	11
crates/crucible-api/src/vm_lifecycle/quantum_loop/lifecycle/persistence.rs	PRODUCTION_RUN_STATE_VERSION	2
crates/crucible-assert/src/lib.rs	ASSERTION_VOCABULARY_VERSION	"crucible-assert.v1"
crates/crucible-campaign/src/archive.rs	ARCHIVE_SCHEMA_VERSION	1
crates/crucible-campaign/src/artifact.rs	ARTIFACT_SCHEMA_VERSION	1
crates/crucible-campaign/src/authority.rs	SUBMISSION_SCHEMA_VERSION	1
crates/crucible-campaign/src/campaign_service.rs	CAMPAIGN_SERVICE_SCHEMA_VERSION	1
crates/crucible-campaign/src/campaign_service.rs	GET_CAMPAIGN_RESPONSE_SCHEMA_VERSION	2
crates/crucible-campaign/src/campaign_service.rs	SUBMIT_CAMPAIGN_BRANCH_RESPONSE_SCHEMA_VERSION	2
crates/crucible-campaign/src/campaign_service/discovery.rs	DISCOVERY_REQUEST_SCHEMA_VERSION	4
crates/crucible-campaign/src/campaign_service/query.rs	EXPLAIN_CAMPAIGN_ATTEMPT_RESPONSE_SCHEMA_VERSION	3
crates/crucible-campaign/src/campaign_service/ranking.rs	PLANNER_RANKINGS_RESPONSE_SCHEMA_VERSION	2
crates/crucible-campaign/src/campaign_service/request_attempts.rs	REQUEST_ATTEMPTS_SCHEMA_VERSION	2
crates/crucible-campaign/src/choice/domain.rs	CHOICE_DOMAIN_SCHEMA_VERSION	2
crates/crucible-campaign/src/choice/domain.rs	MAX_CHOICE_DOMAIN_BYTES	32 * 1024 * 1024
crates/crucible-campaign/src/choice/group.rs	CHOICE_GROUP_SCHEMA_VERSION	3
crates/crucible-campaign/src/choice/group_evidence.rs	GROUP_CONSTRAINT_SCHEMA_VERSION	1
crates/crucible-campaign/src/choice/model.rs	SELECTABLE_SCHEMA_VERSION	1
crates/crucible-campaign/src/choice/model.rs	OPPORTUNITY_SCHEMA_VERSION	1
crates/crucible-campaign/src/choice/model.rs	SELECTION_SCHEMA_VERSION	1
crates/crucible-campaign/src/execution.rs	RETENTION_POLICY_SUBMIT_REQUEST_SCHEMA_VERSION	6
crates/crucible-campaign/src/execution.rs	SCOPED_EXECUTOR_CONTROL_REQUEST_SCHEMA_VERSION	3
crates/crucible-campaign/src/execution.rs	MATERIALIZED_RETENTION_POLICY_RESUME_ATTEMPT_EXECUTION_REQUEST_SCHEMA_VERSION	6
crates/crucible-campaign/src/execution.rs	FINDING_CANDIDATE_RESPONSE_SCHEMA_VERSION	4
crates/crucible-campaign/src/executor_capability.rs	EXECUTOR_CAPABILITY_SCHEMA_VERSION	1
crates/crucible-campaign/src/exploration.rs	RECORD_SCHEMA_VERSION	1
crates/crucible-campaign/src/exploration.rs	ATTEMPT_SCHEMA_VERSION	9
crates/crucible-campaign/src/exploration.rs	BRANCH_REQUEST_SCHEMA_VERSION	10
crates/crucible-campaign/src/exploration.rs	PROPOSAL_SCHEMA_VERSION	3
crates/crucible-campaign/src/exploration.rs	BRANCH_PATH_SCHEMA_VERSION	2
crates/crucible-campaign/src/exploration.rs	ATTEMPT_ADMISSION_RETENTION_SCHEMA_VERSION	3
crates/crucible-campaign/src/exploration.rs	PLANNER_STEP_SCHEMA_VERSION	4
crates/crucible-campaign/src/exploration.rs	EXPANSION_STATE_SCHEMA_VERSION	2
crates/crucible-campaign/src/exploration.rs	PLANNER_BEAM_CANDIDATE_SCHEMA_VERSION	2
crates/crucible-campaign/src/exploration/planner_guidance.rs	PLANNER_CANDIDATE_GUIDANCE_SCHEMA_VERSION	2
crates/crucible-campaign/src/exploration/planner_guidance.rs	MAX_PLANNER_GUIDANCE_DOMAIN_BYTES	128 * 1024 * 1024
crates/crucible-campaign/src/finding.rs	RETENTION_SCHEMA_VERSION	2
crates/crucible-campaign/src/finding.rs	CANDIDATE_OCCURRENCES_SCHEMA_VERSION	4
crates/crucible-campaign/src/finding.rs	MINIMIZATION_POLICY_SCHEMA_VERSION	3
crates/crucible-campaign/src/finding_candidate.rs	FINDING_CANDIDATE_SCHEMA_VERSION	7
crates/crucible-campaign/src/finding_candidate.rs	REPLAY_SIGNATURE_SCHEMA_VERSION	1
crates/crucible-campaign/src/finding_triage_evidence.rs	LOGICAL_PAYLOAD_SCHEMA_VERSION	1
crates/crucible-campaign/src/finding_triage_evidence.rs	MANIFEST_SCHEMA_VERSION	2
crates/crucible-campaign/src/finding_triage_evidence.rs	CHUNK_SCHEMA_VERSION	1
crates/crucible-campaign/src/finding_triage_evidence.rs	STORAGE_DESCRIPTION_SCHEMA_VERSION	1
crates/crucible-campaign/src/identity.rs	CAMPAIGN_HASH_DOMAIN	b"crucible.campaign.identity.v1"
crates/crucible-campaign/src/merkle.rs	MERKLE_NODE_SCHEMA_VERSION	1
crates/crucible-campaign/src/model.rs	LINEAGE_SCHEMA_VERSION	1
crates/crucible-campaign/src/model.rs	CAMPAIGN_SNAPSHOT_SCHEMA_VERSION	3
crates/crucible-campaign/src/model.rs	PLANNING_VIEW_SCHEMA_VERSION	1
crates/crucible-campaign/src/model.rs	PLANNER_ENGINE_SCHEMA_VERSION	1
crates/crucible-campaign/src/model.rs	POLICY_ARTIFACT_SCHEMA_VERSION	1
crates/crucible-campaign/src/model.rs	PLANNER_STATE_SCHEMA_VERSION	1
crates/crucible-campaign/src/model.rs	PLANNER_INVOCATION_SCHEMA_VERSION	2
crates/crucible-campaign/src/model.rs	MAX_VERSION_COMPONENTS	256
crates/crucible-campaign/src/model/facts.rs	CAMPAIGN_FACT_SCHEMA_VERSION	15
crates/crucible-campaign/src/object.rs	RECORD_SCHEMA_VERSION	1
crates/crucible-campaign/src/objective.rs	RECORD_SCHEMA_VERSION	1
crates/crucible-campaign/src/objective.rs	OBJECTIVE_SCHEMA_VERSION	2
crates/crucible-campaign/src/objective.rs	OBJECTIVE_CONTRACT_DOMAIN	"crucible.campaign.objective-contract.v1"
crates/crucible-campaign/src/observation.rs	RECORD_SCHEMA_VERSION	1
crates/crucible-campaign/src/observation.rs	OBSERVATION_SCHEMA_VERSION	14
crates/crucible-campaign/src/observation.rs	MEASUREMENT_SET_SCHEMA_VERSION	2
crates/crucible-campaign/src/planner_service.rs	PLANNER_REQUEST_SCHEMA_VERSION	3
crates/crucible-campaign/src/planner_service.rs	PLANNER_RESPONSE_SCHEMA_VERSION	1
crates/crucible-campaign/src/planner_service/beam.rs	ENGINE_IMPLEMENTATION_VERSION	1
crates/crucible-campaign/src/planner_service/beam.rs	ENGINE_PROTOCOL_VERSION	1
crates/crucible-campaign/src/planner_service/beam.rs	STATE_FORMAT_VERSION	1
crates/crucible-campaign/src/planner_service/beam.rs	STATE_SCHEMA_VERSION	1
crates/crucible-campaign/src/planner_service/beam.rs	POLICY_ARTIFACT_ABI_VERSION	1
crates/crucible-campaign/src/planner_service/closed.rs	ENGINE_IMPLEMENTATION_VERSION	9
crates/crucible-campaign/src/planner_service/closed.rs	ENGINE_PROTOCOL_VERSION	1
crates/crucible-campaign/src/planner_service/closed.rs	STATE_FORMAT_VERSION	4
crates/crucible-campaign/src/planner_service/closed.rs	STATE_SCHEMA_VERSION	4
crates/crucible-campaign/src/planner_service/closed.rs	POLICY_ARTIFACT_ABI_VERSION	1
crates/crucible-campaign/src/planner_service/closed.rs	PUCT_ENGINE_IMPLEMENTATION_VERSION	6
crates/crucible-campaign/src/planner_service/closed.rs	PUCT_STATE_FORMAT_VERSION	2
crates/crucible-campaign/src/planner_service/closed.rs	PUCT_STATE_SCHEMA_VERSION	2
crates/crucible-campaign/src/planner_service/search.rs	ENGINE_IMPLEMENTATION_VERSION	1
crates/crucible-campaign/src/planner_service/search.rs	ENGINE_PROTOCOL_VERSION	1
crates/crucible-campaign/src/planner_service/search.rs	STATE_FORMAT_VERSION	1
crates/crucible-campaign/src/planner_service/search.rs	POLICY_ARTIFACT_ABI_VERSION	1
crates/crucible-campaign/src/planner_service/search.rs	PRIORITY_SCORE_DOMAIN	b"crucible.search.strategy.priority.v1"
crates/crucible-campaign/src/policy.rs	CAMPAIGN_POLICY_SCHEMA_VERSION	5
crates/crucible-campaign/src/policy.rs	CANDIDATE_GENERATOR_SCHEMA_VERSION	1
crates/crucible-campaign/src/policy.rs	STATIC_ALL_GENERATOR_IMPLEMENTATION_VERSION	2
crates/crucible-campaign/src/policy.rs	BOUNDARY_INTEGER_GENERATOR_IMPLEMENTATION_VERSION	3
crates/crucible-campaign/src/policy.rs	STRATIFIED_INTEGER_GENERATOR_IMPLEMENTATION_VERSION	4
crates/crucible-campaign/src/policy.rs	LOG_INTEGER_GENERATOR_IMPLEMENTATION_VERSION	5
crates/crucible-campaign/src/policy.rs	PERMUTED_INTEGER_GENERATOR_IMPLEMENTATION_VERSION	17
crates/crucible-campaign/src/policy.rs	WEIGHTED_CATEGORICAL_GENERATOR_IMPLEMENTATION_VERSION	7
crates/crucible-campaign/src/policy.rs	ORDERED_MIXTURE_GENERATOR_IMPLEMENTATION_VERSION	8
crates/crucible-campaign/src/policy.rs	PROGRESSIVE_INTEGER_GENERATOR_IMPLEMENTATION_VERSION	16
crates/crucible-campaign/src/policy.rs	CORPUS_MUTATION_GENERATOR_IMPLEMENTATION_VERSION	10
crates/crucible-campaign/src/policy.rs	GROUP_PROGRESSIVE_GENERATOR_IMPLEMENTATION_VERSION	18
crates/crucible-campaign/src/policy/smc.rs	IMPLEMENTATION_VERSION	1
crates/crucible-campaign/src/statistics/smc.rs	SMC_GENERATION_SCHEMA_VERSION	1
crates/crucible-cas/src/content_envelope.rs	MAGIC	b"CRUCOBJE"
crates/crucible-cas/src/content_envelope.rs	ENVELOPE_VERSION	1
crates/crucible-cas/src/content_envelope.rs	MAX_SCHEMA_NAME_BYTES	128
crates/crucible-cas/src/content_store.rs	CONTENT_ID_DOMAIN	b"crucible.content-object.v1"
crates/crucible-cas/src/content_store/compressed_directory.rs	COMPRESSED_OBJECT_MAGIC	b"CRUCZ001"
crates/crucible-cas/src/content_store/directory.rs	INVENTORY_STATE_DOMAIN	"crucible.content-store.directory-inventory-state.v1"
crates/crucible-cas/src/content_store/directory/ref_admin.rs	REF_INVENTORY_STATE_DOMAIN	"crucible.content-store.directory-ref-inventory-state.v1"
crates/crucible-cas/src/content_store/encrypted_directory.rs	ENCRYPTED_OBJECT_MAGIC	b"CRUCE001"
crates/crucible-cas/src/content_store/encrypted_directory.rs	COMPRESSED_ENCRYPTED_OBJECT_MAGIC	b"CRUCC001"
crates/crucible-cas/src/content_store/encrypted_directory.rs	ENCRYPTION_KEY_STATE_MAGIC	b"CRUCK001"
crates/crucible-cas/src/content_store/encrypted_directory.rs	KEY_ID_BINDING_DOMAIN	b"crucible.content-store.encryption-key-id.v1"
crates/crucible-cas/src/content_store/encrypted_directory.rs	AES_KEY_DOMAIN	b"crucible.content-store.encrypted-aes-key.v1"
crates/crucible-cas/src/content_store/encrypted_directory.rs	KEY_STATE_VERIFIER_DOMAIN	b"crucible.content-store.encryption-key-verifier.v1"
crates/crucible-cas/src/content_store/encrypted_directory.rs	KEY_STATE_CHECKSUM_DOMAIN	b"crucible.content-store.encryption-key-state.v1"
crates/crucible-cas/src/content_store/encrypted_directory.rs	CHUNK_NONCE_DOMAIN	b"crucible.content-store.encrypted-chunk-nonce.v1"
crates/crucible-cas/src/content_store/encrypted_directory.rs	CHUNK_AAD_DOMAIN	b"crucible.content-store.encrypted-chunk-aad.v1"
crates/crucible-cas/src/content_store/encrypted_directory.rs	COMPRESSED_CHUNK_NONCE_DOMAIN	b"crucible.content-store.compressed-encrypted-chunk-nonce.v1"
crates/crucible-cas/src/content_store/encrypted_directory.rs	COMPRESSED_CHUNK_AAD_DOMAIN	b"crucible.content-store.compressed-encrypted-chunk-aad.v1"
crates/crucible-cas/src/content_store/encrypted_directory/compressed.rs	COMPRESSED_HEADER_AUTHENTICATOR_DOMAIN	b"crucible.content-store.compressed-encrypted-header-authenticator.v1"
crates/crucible-cas/src/content_store/graph.rs	GRAPH_CONFIGURATION_ID_DOMAIN	b"crucible.content-store.graph-configuration-id.v1"
crates/crucible-cas/src/content_store/graph/format.rs	GRAPH_CONFIGURATION_V11_MAGIC	b"crucible.content-store.graph-configuration.v11\0"
crates/crucible-cas/src/content_store/packed.rs	PACK_MAGIC	b"crucible.content-store.pack.v1\0"
crates/crucible-cas/src/content_store/packed.rs	INDEX_MAGIC	b"crucible.content-store.pack-index.v1\0"
crates/crucible-cas/src/content_store/packed.rs	PACK_ID_DOMAIN	b"crucible.content-store.pack-id.v1"
crates/crucible-cas/src/content_store/packed.rs	PACK_MANIFEST_DOMAIN	b"crucible.content-store.pack-manifest.v1"
crates/crucible-cas/src/content_store/packed.rs	INDEX_CHECKSUM_DOMAIN	b"crucible.content-store.pack-index.v1"
crates/crucible-cas/src/content_store/packed.rs	INDEX_DIGEST_DOMAIN	b"crucible.content-store.pack-index-digest.v1"
crates/crucible-cas/src/content_store/packed.rs	REPACK_PLAN_MAGIC	b"crucible.content-store.pack-repack-plan.v1\0"
crates/crucible-cas/src/content_store/packed.rs	REPACK_PLAN_CHECKSUM_DOMAIN	b"crucible.content-store.pack-repack-plan.v1"
crates/crucible-cas/src/content_store/packed.rs	REPACK_PLAN_ID_DOMAIN	b"crucible.content-store.pack-repack-plan-id.v1"
crates/crucible-cas/src/content_store/packed.rs	CONFIGURATION_DOMAIN	b"crucible.content-store.packed-configuration.v1"
crates/crucible-cas/src/content_store/packed.rs	INSTANCE_DOMAIN	b"crucible.content-store.packed-instance.v1"
crates/crucible-cas/src/content_store/quota.rs	QUOTA_STATE_MAGIC	b"CRUCQ001"
crates/crucible-cas/src/content_store/quota.rs	QUOTA_STATE_CHECKSUM_DOMAIN	b"crucible.content-store.logical-quota-state.v1"
crates/crucible-cas/src/content_store/quota.rs	QUOTA_BINDING_DOMAIN	b"crucible.content-store.logical-quota-binding.v1"
crates/crucible-cas/src/content_store/s3/blob_admin.rs	INVENTORY_STATE_MAGIC	b"crucible.content-store.s3-object-inventory-state.v1\0"
crates/crucible-cas/src/content_store/s3/blob_admin.rs	INVENTORY_STATE_CHECKSUM_DOMAIN	b"crucible.content-store.s3-object-inventory-state-checksum.v1"
crates/crucible-cas/src/content_store/s3_ref.rs	REF_RECORD_MAGIC	b"crucible.content-store.s3-ref.v1\0"
crates/crucible-cas/src/content_store/s3_ref.rs	REF_KEY_DOMAIN	b"crucible.content-store.s3-ref-key.v1"
crates/crucible-cas/src/content_store/s3_ref.rs	REF_INVENTORY_STATE_MAGIC	b"crucible.content-store.s3-ref-inventory-state.v1\0"
crates/crucible-cas/src/content_store/s3_ref.rs	REF_INVENTORY_STATE_CHECKSUM_DOMAIN	b"crucible.content-store.s3-ref-inventory-state-checksum.v1"
crates/crucible-cas/src/content_store/sqlite.rs	METADATA_DOMAIN	b"crucible.content-store.sqlite-metadata.v1"
crates/crucible-cas/src/content_store/write_back.rs	JOURNAL_MAGIC	b"crucible.content-store.write-back-transfer.v1\0"
crates/crucible-cas/src/content_store/write_back.rs	JOURNAL_RECORD_DOMAIN	b"crucible.content-store.write-back-transfer-record.v1"
crates/crucible-cas/src/content_store/write_back.rs	JOURNAL_BINDING_DOMAIN	b"crucible.content-store.write-back-transfer-binding.v1"
crates/crucible-cas/src/content_store/write_back.rs	RETENTION_GENERATION_DOMAIN	b"crucible.content-store.write-back-retention-generation.v1"
crates/crucible-cas/src/lib.rs	CAMPAIGN_PROVENANCE_SCHEMA	"crucible.campaign.provenance.v1"
crates/crucible-cas/src/lib.rs	CAMPAIGN_LINEAGE_SCHEMA	"crucible.campaign.lineage.v1"
crates/crucible-cas/src/lib.rs	CAMPAIGN_FRESH_LINEAGE_BASELINE_EVENT_SCHEMA	"crucible.campaign.fresh-lineage-baseline.v1"
crates/crucible-cli/src/cli/artifact/live_qemu.rs	LIVE_QEMU_REPLAY_CONTRACT_SCHEMA	"crucible.live-qemu-replay-contract.v5"
crates/crucible-cli/src/cli/campaign.rs	CAMPAIGN_HEAD_REPORT_SCHEMA	"crucible.cli.campaign-head.v2"
crates/crucible-cli/src/cli/campaign.rs	CAMPAIGN_LIST_REPORT_SCHEMA	"crucible.cli.campaign-list.v1"
crates/crucible-cli/src/cli/campaign.rs	CAMPAIGN_MUTATION_REPORT_SCHEMA	"crucible.cli.campaign-mutation.v1"
crates/crucible-cli/src/cli/campaign.rs	CAMPAIGN_PAGE_REPORT_SCHEMA	"crucible.cli.campaign-page.v2"
crates/crucible-cli/src/cli/campaign.rs	CAMPAIGN_ACCEPTANCE_REPORT_SCHEMA	"crucible.cli.campaign-acceptance.v3"
crates/crucible-cli/src/cli/campaign.rs	CAMPAIGN_RUNTIME_ATTACHMENT_REPORT_SCHEMA	"crucible.cli.campaign-runtime-attachment.v1"
crates/crucible-cli/src/cli/campaign/archive.rs	CAMPAIGN_ARCHIVE_PLAN_SCHEMA	"crucible.cli.campaign-archive-plan.v1"
crates/crucible-cli/src/cli/campaign/archive.rs	CAMPAIGN_ARCHIVE_TRANSFER_SCHEMA	"crucible.cli.campaign-archive-transfer.v1"
crates/crucible-cli/src/cli/campaign/archive.rs	CAMPAIGN_ARCHIVE_INSPECTION_SCHEMA	"crucible.cli.campaign-archive-inspection.v1"
crates/crucible-cli/src/cli/campaign/choice_value.rs	CAMPAIGN_CHOICE_VALUE_REPORT_SCHEMA	"crucible.cli.campaign-choice-value.v1"
crates/crucible-cli/src/cli/campaign/configuration.rs	CAMPAIGN_CONFIGURATION_COMPILATION_REPORT_SCHEMA	"crucible.cli.campaign-configuration-compilation.v1"
crates/crucible-cli/src/cli/campaign/explain.rs	CAMPAIGN_EXPLANATION_REPORT_SCHEMA	"crucible.cli.campaign-explanation.v1"
crates/crucible-cli/src/cli/campaign/explain.rs	CAMPAIGN_FINDING_EXPLANATION_REPORT_SCHEMA	"crucible.cli.campaign-finding-explanation.v1"
crates/crucible-cli/src/cli/campaign/explain.rs	CAMPAIGN_ATTEMPT_EXPLANATION_REPORT_SCHEMA	"crucible.cli.campaign-attempt-explanation.v5"
crates/crucible-cli/src/cli/campaign/fixture.rs	FIXTURE_REPORT_SCHEMA	"crucible.cli.campaign-fixture.v1"
crates/crucible-cli/src/cli/campaign/gc.rs	CAMPAIGN_GC_REPORT_SCHEMA	"crucible.cli.campaign-store-gc.v2"
crates/crucible-cli/src/cli/campaign/gc.rs	CAMPAIGN_GC_PLAN_VERSION	"v1"
crates/crucible-cli/src/cli/campaign/gc.rs	STORE_STATUS_REPORT_SCHEMA	"crucible.cli.store-status.v1"
crates/crucible-cli/src/cli/campaign/gc.rs	STORE_ENSURE_REPORT_SCHEMA	"crucible.cli.store-ensure.v1"
crates/crucible-cli/src/cli/campaign/gc.rs	STORE_VERIFY_REPORT_SCHEMA	"crucible.cli.store-verify.v1"
crates/crucible-cli/src/cli/campaign/lineage.rs	CAMPAIGN_LINEAGE_AUTHORING_SCHEMA_VERSION	1
crates/crucible-cli/src/cli/campaign/lineage.rs	CAMPAIGN_LINEAGE_COMPILATION_REPORT_SCHEMA	"crucible.cli.campaign-lineage-compilation.v1"
crates/crucible-cli/src/cli/campaign/maintenance.rs	STORE_CREDENTIAL_REFRESH_SCHEMA	"crucible.cli.store-credential-refresh.v1"
crates/crucible-cli/src/cli/campaign/maintenance.rs	STORE_INCOMPLETE_PACK_CLEANUP_SCHEMA	"crucible.cli.store-incomplete-pack-cleanup.v1"
crates/crucible-cli/src/cli/campaign/object.rs	CAMPAIGN_OBJECT_REPORT_SCHEMA	"crucible.cli.campaign-object.v1"
crates/crucible-cli/src/cli/campaign/object.rs	CAMPAIGN_CHOICE_OBJECT_REPORT_SCHEMA	"crucible.cli.campaign-object.v2"
crates/crucible-cli/src/cli/campaign/policy.rs	CAMPAIGN_POLICY_AUTHORING_SCHEMA_VERSION	3
crates/crucible-cli/src/cli/campaign/policy.rs	CAMPAIGN_POLICY_COMPILATION_REPORT_SCHEMA	"crucible.cli.campaign-policy-compilation.v1"
crates/crucible-cli/src/cli/campaign/ranking.rs	CAMPAIGN_RANKING_REPORT_SCHEMA	"crucible.cli.campaign-rankings.v2"
crates/crucible-cli/src/cli/campaign/ranking.rs	CAMPAIGN_POLICY_RANKING_REPORT_SCHEMA	"crucible.cli.campaign-policy-rankings.v1"
crates/crucible-cli/src/cli/campaign/replay.rs	CAMPAIGN_REPLAY_REPORT_SCHEMA	"crucible.cli.campaign-replay.v2"
crates/crucible-cli/src/cli/campaign/report.rs	CAMPAIGN_REPORT_SCHEMA	"crucible.cli.campaign-report.v1"
crates/crucible-cli/src/cli/campaign/request_attempts.rs	REPORT_SCHEMA	"crucible.cli.campaign-request-attempts.v2"
crates/crucible-cli/src/cli/campaign/savepoint.rs	CAMPAIGN_SAVEPOINT_REPORT_SCHEMA	"crucible.cli.campaign-savepoint.v1"
crates/crucible-cli/src/cli/campaign/scenario.rs	CAMPAIGN_SCENARIO_COMPILATION_REPORT_SCHEMA	"crucible.cli.campaign-scenario-compilation.v1"
crates/crucible-cli/src/cli/campaign/schedule.rs	CAMPAIGN_SCHEDULE_AUTHORING_SCHEMA_VERSION	2
crates/crucible-cli/src/cli/campaign/schedule.rs	CAMPAIGN_SCHEDULE_COMPILATION_REPORT_SCHEMA	"crucible.cli.campaign-schedule-compilation.v1"
crates/crucible-cli/src/cli/campaign/snapshot.rs	CAMPAIGN_SNAPSHOT_REPORT_SCHEMA	"crucible.cli.campaign-snapshot.v1"
crates/crucible-cli/src/cli/campaign/snapshot.rs	CAMPAIGN_COMPARE_REPORT_SCHEMA	"crucible.cli.campaign-compare.v1"
crates/crucible-cli/src/cli/campaign/transform.rs	PACKED_REPACK_JOURNAL_SCHEMA	"crucible.cli.packed-repack-journal"
crates/crucible-cli/src/cli/campaign/transform.rs	PACKED_REPACK_REPORT_SCHEMA	"crucible.cli.packed-repack.v1"
crates/crucible-cli/src/cli/campaign/transform.rs	PACKED_REPACK_JOURNAL_VERSION	1
crates/crucible-cli/src/cli/campaign/validation.rs	CAMPAIGN_VALIDATION_REPORT_SCHEMA	"crucible.cli.campaign-validation.v1"
crates/crucible-cli/src/cli/planning/invocations.rs	SCHEMA	"crucible.scenario-family.v3"
crates/crucible-cli/src/cli/run_save/qemu_live/fuzz/corpus.rs	CORPUS_SCHEMA	1
crates/crucible-cli/src/cli/store_repair.rs	STORE_REPAIR_REPORT_SCHEMA	"crucible.cli.store-repair.v1"
crates/crucible-cli/src/cli/verify_serve/campaign_import.rs	CAMPAIGN_IMPORT_SCHEMA	"crucible.campaign-import"
crates/crucible-cli/src/cli/verify_serve/campaign_import.rs	CAMPAIGN_IMPORT_VERSION	1
crates/crucible-cli/src/cli/verify_serve/campaign_import.rs	CAMPAIGN_IMPORT_VALIDATION_REPORT_SCHEMA	"crucible.cli.campaign-import-validation.v1"
crates/crucible-cli/src/cli/verify_serve/campaign_store.rs	CAMPAIGN_STORE_SCHEMA	"crucible.campaign-repository-store"
crates/crucible-cli/src/cli/verify_serve/campaign_store.rs	CAMPAIGN_STORE_VERSION_2	2
crates/crucible-cli/src/cli/verify_serve/campaign_store/s3.rs	S3_CREDENTIAL_SCHEMA	"crucible.campaign-s3-credentials"
crates/crucible-cli/src/cli/verify_serve/campaign_store/s3.rs	S3_CREDENTIAL_VERSION	1
crates/crucible-cli/src/cli/verify_serve/packaged_executor.rs	PACKAGED_EXECUTOR_SCHEMA	"crucible.campaign-packaged-executor"
crates/crucible-cli/src/cli/verify_serve/packaged_executor.rs	PACKAGED_EXECUTOR_VERSION	2
crates/crucible-cli/src/main.rs	REPRODUCTION_ARTIFACT_SCHEMA	"crucible.reproduction-artifact.v4"
crates/crucible-cli/src/main.rs	REPLAY_SCHEDULE_PREFIX_PROOF_SCHEMA	"crucible.replay.schedule-prefix-proof.v1"
crates/crucible-cli/src/main.rs	SEARCH_SCHEDULE_NAMED_TRUTHS_SCHEMA	"crucible.search-schedule-named-truths.v1"
crates/crucible-cli/src/main.rs	SEARCH_RETAINED_EVIDENCE_SCHEMA	"crucible.search-retained-evidence.v1"
crates/crucible-cli/src/portable_artifact_constants.rs	REPLAY_CLOSURE_SAVEPOINT_HANDLE_SCHEMA	"crucible.savepoint-handle.v6"
crates/crucible-cli/src/portable_artifact_constants.rs	FAILURE_TRIAGE_FINDINGS_LEDGER_SCHEMA	"crucible.failure-triage.findings-ledger.v4"
crates/crucible-daemon/src/assignment_ledger.rs	ASSIGNMENT_MAGIC	b"crucible.executor.assignment-record.v1\0"
crates/crucible-daemon/src/assignment_ledger.rs	ATTEMPT_STATE_MAGIC	b"crucible.executor.attempt-state-record.v15\0"
crates/crucible-daemon/src/assignment_ledger.rs	ASSIGNMENT_CHECKSUM_DOMAIN	"crucible.executor.assignment-record.v1"
crates/crucible-daemon/src/assignment_ledger.rs	ATTEMPT_STATE_CHECKSUM_DOMAIN	"crucible.executor.attempt-state-record.v15"
crates/crucible-daemon/src/assignment_ledger.rs	RETENTION_STATE_MAGIC	b"crucible.executor.assignment-retention-state.v1\0"
crates/crucible-daemon/src/assignment_ledger.rs	RETENTION_STATE_CHECKSUM_DOMAIN	"crucible.executor.assignment-retention-state.v1"
crates/crucible-daemon/src/assignment_ledger.rs	RETENTION_GENERATION_DOMAIN	"crucible.executor.assignment-retention-generation.v1"
crates/crucible-daemon/src/campaign_bootstrap.rs	STATE_IDENTITY_MAGIC	b"CRUCRID1"
crates/crucible-daemon/src/campaign_bootstrap.rs	COMPONENT_AUTHORITY_MAGIC	b"CRUCCA01"
crates/crucible-daemon/src/campaign_debug_control.rs	SCHEMA_VERSION	1
crates/crucible-daemon/src/campaign_debug_control.rs	REQUEST_DIGEST_DOMAIN	"crucible.campaign.debug-session-request.v1"
crates/crucible-daemon/src/campaign_debug_inventory.rs	MAGIC	b"CRCDSI01"
crates/crucible-daemon/src/campaign_debug_inventory.rs	VERSION	1
crates/crucible-daemon/src/campaign_gc.rs	GC_PLAN_MAGIC	b"crucible.campaign.gc-plan.v1\0"
crates/crucible-daemon/src/campaign_gc.rs	GC_PLAN_ID_DOMAIN	"crucible.campaign.gc-plan.v1"
crates/crucible-daemon/src/campaign_gc/journal.rs	JOURNAL_STATE_MAGIC	b"crucible.campaign.gc-journal-state.v1\0"
crates/crucible-daemon/src/campaign_gc/journal.rs	JOURNAL_STATE_HASH_DOMAIN	"crucible.campaign.gc-journal-state.v1"
crates/crucible-daemon/src/campaign_gc/manifest.rs	ROOT_MANIFEST_MAGIC	b"crucible.campaign.gc-root-manifest.v1\0"
crates/crucible-daemon/src/campaign_gc/manifest.rs	ROOT_MANIFEST_HASH_DOMAIN	b"crucible.campaign.gc-root-manifest.v1"
crates/crucible-daemon/src/campaign_gc/manifest.rs	CANDIDATE_MANIFEST_MAGIC	b"crucible.campaign.gc-candidate-manifest.v1\0"
crates/crucible-daemon/src/campaign_gc/manifest.rs	CANDIDATE_MANIFEST_HASH_DOMAIN	b"crucible.campaign.gc-candidate-manifest.v1"
crates/crucible-daemon/src/campaign_loopback.rs	FRAME_MAGIC	b"CRUCCS21"
crates/crucible-daemon/src/campaign_policy.rs	CAMPAIGN_POLICY_SCHEMA	"crucible.campaign-local-policy"
crates/crucible-daemon/src/campaign_policy.rs	CAMPAIGN_POLICY_SCHEMA_VERSION	1
crates/crucible-daemon/src/campaign_runtime_control.rs	SCHEMA_VERSION	1
crates/crucible-daemon/src/campaign_runtime_control.rs	REQUEST_DIGEST_DOMAIN	"crucible.campaign.attach-runtime-request.v1"
crates/crucible-daemon/src/campaign_transfer.rs	JOURNAL_MAGIC	b"CRUCIBLE-CAMPAIGN-TRANSFER-V1!!!"
crates/crucible-daemon/src/campaign_transfer.rs	JOURNAL_VERSION	1
crates/crucible-daemon/src/crucible_artifact.rs	CRUCIBLE_SCENARIO_PAYLOAD_SCHEMA_V5	5
crates/crucible-daemon/src/crucible_artifact.rs	CRUCIBLE_CONFIGURATION_PAYLOAD_SCHEMA_V4	4
crates/crucible-daemon/src/crucible_artifact.rs	CRUCIBLE_REPRODUCTION_PAYLOAD_SCHEMA_V4	4
crates/crucible-daemon/src/crucible_artifact.rs	CRUCIBLE_SCHEDULE_V4_MAGIC	b"crucible.schedule.v4\0"
crates/crucible-daemon/src/crucible_artifact.rs	CRUCIBLE_MINIMIZATION_POLICY_SCHEMA_V3	3
crates/crucible-daemon/src/crucible_artifact.rs	CRUCIBLE_MINIMIZATION_POLICY_MAGIC_V3	b"crucible.finding-minimization-policy.v3\0"
crates/crucible-daemon/src/crucible_artifact/prepared_result.rs	PREPARED_RESULT_MAGIC_V7	b"crucible.executor.prepared-semantic-attempt-result.v7\0"
crates/crucible-daemon/src/crucible_measurement/evidence.rs	CRUCIBLE_MEASUREMENT_EVALUATION_PAYLOAD_SCHEMA_V2	2
crates/crucible-daemon/src/crucible_measurement/evidence.rs	CRUCIBLE_MEASUREMENT_REPLAY_EVIDENCE_SCHEMA_V2	2
crates/crucible-daemon/src/exact_checkpoint_store.rs	EXACT_CHECKPOINT_ROOT_SCHEMA	"crucible.executor.exact-checkpoint-root"
crates/crucible-daemon/src/exact_checkpoint_store.rs	EXACT_CHECKPOINT_ROOT_SCHEMA_VERSION	5
crates/crucible-daemon/src/exact_checkpoint_store/production.rs	PRODUCTION_INDEX_SCHEMA	"crucible.executor.production-checkpoint-index"
crates/crucible-daemon/src/exact_checkpoint_store/production.rs	PRODUCTION_INDEX_SCHEMA_VERSION	1
crates/crucible-daemon/src/exact_checkpoint_store/production.rs	PRODUCTION_MANIFEST_SCHEMA_VERSION	4
crates/crucible-daemon/src/exact_checkpoint_store/production.rs	PRODUCTION_OBJECT_SCHEMA_VERSION	5
crates/crucible-daemon/src/exact_checkpoint_store/production.rs	PRODUCTION_PROMOTION_EVIDENCE_SCHEMA_VERSION	1
crates/crucible-daemon/src/exact_checkpoint_store/production.rs	PRODUCTION_CHOICE_CLOSURE_SCHEMA_VERSION	1
crates/crucible-daemon/src/exact_checkpoint_store/production.rs	PRODUCTION_INDEX_MAGIC	b"CRUCPIDX"
crates/crucible-daemon/src/exact_checkpoint_store/production.rs	REPLAY_ORACLE_EVIDENCE_MAGIC	b"crucible.production-replay-oracle.v1\0"
crates/crucible-daemon/src/exact_pin_retention.rs	SELECTION_MAGIC	b"crucible.executor.exact-pin-materialization-selection.v1\0"
crates/crucible-daemon/src/exact_pin_retention.rs	SELECTION_KEY_DOMAIN	"crucible.executor.exact-pin-materialization-selection-key.v1"
crates/crucible-daemon/src/exact_pin_retention.rs	SELECTION_CHECKSUM_DOMAIN	"crucible.executor.exact-pin-materialization-selection.v1"
crates/crucible-daemon/src/executor_loopback.rs	FRAME_MAGIC	b"CRUCEX05"
crates/crucible-daemon/src/finding_production_replay.rs	FINDING_PRODUCTION_REPLAY_CAPTURE_SCHEMA_VERSION	3
crates/crucible-daemon/src/finding_replay_capture_store.rs	CAPTURE_MANIFEST_SCHEMA	"crucible.executor.finding-replay-capture-manifest"
crates/crucible-daemon/src/finding_replay_capture_store.rs	CAPTURE_MANIFEST_SCHEMA_VERSION	1
crates/crucible-daemon/src/finding_replay_capture_store.rs	CAPTURE_CHUNK_SCHEMA_VERSION	1
crates/crucible-daemon/src/finding_replay_capture_store.rs	CAPTURE_MANIFEST_MAGIC	b"CRUCFRCM"
crates/crucible-daemon/src/hot_checkpoint_retention.rs	RECORD_MAGIC	b"crucible.executor.hot-checkpoint-fallback.v1\0"
crates/crucible-daemon/src/hot_checkpoint_retention.rs	RECORD_CHECKSUM_DOMAIN	"crucible.executor.hot-checkpoint-fallback.v1"
crates/crucible-daemon/src/hot_checkpoint_retention.rs	SUMMARY_DOMAIN	"crucible.executor.hot-checkpoint-fallback-summary.v1"
crates/crucible-daemon/src/planner_loopback.rs	FRAME_MAGIC	b"CRUCPL01"
crates/crucible-daemon/src/planner_process.rs	FRAME_MAGIC	b"CRUCPP01"
crates/crucible-daemon/src/prepared_result_journal.rs	JOURNAL_STATE_MAGIC_V2	b"crucible.executor.prepared-result-journal-state.v2\0"
crates/crucible-daemon/src/prepared_result_journal.rs	JOURNAL_STATE_HASH_DOMAIN_V2	"crucible.executor.prepared-result-journal-state.v2"
crates/crucible-daemon/src/prepared_result_journal.rs	JOURNAL_MEASUREMENT_EVIDENCE_HASH_DOMAIN	"crucible.executor.prepared-result-journal-measurement-evidence.v1"
crates/crucible-daemon/src/qemu_campaign_lifecycle/campaign_run.rs	SUPPLEMENTAL_FINDING_SOURCE_MAGIC	b"GCSO\0\0\0\x01"
crates/crucible-daemon/src/qemu_campaign_lifecycle/campaign_run.rs	SUPPLEMENTAL_FINDING_SOURCE_SCHEMA	1
crates/crucible-daemon/src/qemu_campaign_lifecycle/campaign_run/replay_closure.rs	REPLAY_CLOSURE_MAGIC	b"CCRC\0\0\0\x01"
crates/crucible-daemon/src/qemu_campaign_lifecycle/campaign_run/replay_closure.rs	SCHEMA_VERSION	1
crates/crucible-daemon/src/qemu_campaign_lifecycle/remote_observation_resume.rs	SOURCE_SCHEMA_VERSION	1
crates/crucible-device/src/block/codec.rs	BLOCK_ABI_VERSION	4
crates/crucible-device/src/block/device/snapshot.rs	BLOCK_SNAPSHOT_MAGIC	b"crucible.block-snapshot.v6\0"
crates/crucible-device/src/block/fault.rs	HARD_BLOCK_RETAINED_VERSIONS	4_194_304
crates/crucible-device/src/block/fault/checkpoint_codec.rs	BLOCK_FAULT_STATE_MAGIC	b"crucible.block-fault-state.v4\0"
crates/crucible-device/src/fault.rs	TEST_DOMAIN	"crucible.test.device-stream"
crates/crucible-device/src/netlink/link/snapshot.rs	LINK_SNAPSHOT_MAGIC	b"crucible.link-snapshot.v4\0"
crates/crucible-device/src/ninep/codec.rs	PROTOCOL_VERSION	"9P2000.L"
crates/crucible-device/src/ninep/codec.rs	TVERSION	100
crates/crucible-device/src/ninep/codec.rs	RVERSION	101
crates/crucible-device/src/ninep/codec.rs	FIXED_VERSION	1
crates/crucible-device/src/ninep/device/snapshot.rs	NINEP_SNAPSHOT_MAGIC	b"crucible.ninep-snapshot.v4\0"
crates/crucible-device/src/ninep/fault.rs	HARD_NINEP_OBJECT_VERSIONS	1_048_576
crates/crucible-device/src/ninep/tree.rs	STATFS_MAGIC	0x5346_5039
crates/crucible-device/src/ninep/tree.rs	FS_TREE_CANONICAL_MAGIC	b"crucible.device.ninep.fs-tree.v1\0"
crates/crucible-device/src/subnode/snapshot.rs	IO_CORE_SNAPSHOT_MAGIC	b"crucible.io-core-snapshot.v5\0"
crates/crucible-harness/src/e2e.rs	CANONICAL_SHMEM_ABI_VERSION	include!("../../crucible-shmem/src/abi_version.in")
crates/crucible-harness/src/e2e.rs	CANONICAL_GUEST_HOST_PROTOCOL_VERSION	include!("../../crucible-protocol/src/control_protocol_version.in")
crates/crucible-harness/src/fingerprint/definition.rs	EXECUTION_FINGERPRINT_DEFINITION_VERSION	"crucible-execution-fingerprint-v2"
crates/crucible-harness/src/reproduction.rs	REPRODUCTION_ARTIFACT_SCHEMA	"crucible.reproduction-artifact.v4"
crates/crucible-harness/src/reproduction.rs	CAMPAIGN_PROVENANCE_SCHEMA	"crucible.campaign.provenance.v1"
crates/crucible-harness/src/reproduction.rs	CAMPAIGN_FRESH_LINEAGE_BASELINE_EVENT_SCHEMA	"crucible.campaign.fresh-lineage-baseline.v1"
crates/crucible-protocol/src/app_random_branch_plan.rs	APP_RANDOM_BRANCH_PLAN_MAGIC	*b"CRUCABP1"
crates/crucible-protocol/src/app_random_branch_plan.rs	APP_RANDOM_BRANCH_PLAN_VERSION	1
crates/crucible-protocol/src/choice.rs	CHOICE_DOMAIN_SCHEMA_VERSION	2
crates/crucible-protocol/src/choice.rs	MAX_CHOICE_DOMAIN_BYTES	32 * 1024 * 1024
crates/crucible-protocol/src/choice/group.rs	DOMAIN_TAG	"crucible.campaign.choice-domain"
crates/crucible-protocol/src/choice/group.rs	SCHEMA_AND_TAG_BYTES	5
crates/crucible-protocol/src/control_protocol_version.in	include-value	3
crates/crucible-protocol/src/debug_gateway.rs	DEBUG_GATEWAY_MAGIC	*b"CRDBGW1\0"
crates/crucible-protocol/src/debug_gateway.rs	DEBUG_GATEWAY_PROTOCOL_VERSION	1
crates/crucible-protocol/src/device_group_opportunity.rs	DEVICE_GROUP_OPPORTUNITY_VERSION	1
crates/crucible-protocol/src/doorbell_abi.rs	WHITEBOX_DOORBELL_INSTRUCTION_ABI_VERSION	4
crates/crucible-protocol/src/doorbell_frame.rs	WHITEBOX_DOORBELL_FRAME_MAGIC	0x4c42_5243
crates/crucible-protocol/src/doorbell_frame.rs	WHITEBOX_DOORBELL_PROTOCOL_VERSION	3
crates/crucible-protocol/src/guest_introspection.rs	GUEST_INTROSPECTION_MAGIC	*b"CRGI"
crates/crucible-protocol/src/guest_introspection.rs	GUEST_INTROSPECTION_PROTOCOL_VERSION	1
crates/crucible-protocol/src/guest_introspection_doorbell.rs	GUEST_INTROSPECTION_DOORBELL_MAGIC	*b"CRGX"
crates/crucible-protocol/src/guest_introspection_doorbell.rs	GUEST_INTROSPECTION_DOORBELL_VERSION	1
crates/crucible-protocol/src/lib.rs	CONTROL_PROTOCOL_VERSION	include!("control_protocol_version.in")
crates/crucible-protocol/src/plugin_setup_plan.rs	PLUGIN_SETUP_PLAN_MAGIC	*b"CRUCSUP2"
crates/crucible-protocol/src/plugin_setup_plan.rs	PLUGIN_SETUP_PLAN_VERSION	2
crates/crucible-protocol/src/selectable.rs	SELECTABLE_PROTOCOL_VERSION	1
crates/crucible-protocol/src/selectable.rs	REQUEST_FLAG_NARROWED_DOMAIN	1
crates/crucible-protocol/src/selectable_catalog_plan.rs	SELECTABLE_CATALOG_PLAN_MAGIC	*b"CRUCSCP4"
crates/crucible-protocol/src/selectable_catalog_plan.rs	SELECTABLE_CATALOG_PLAN_VERSION	4
crates/crucible-protocol/src/selectable_transport.rs	SELECTABLE_PENDING_TRANSPORT_MAGIC	*b"CRUCSPQ2"
crates/crucible-protocol/src/selectable_transport.rs	SELECTABLE_PENDING_TRANSPORT_VERSION	2
crates/crucible-qemu-plugin/src/abi.rs	QEMU_PLUGIN_API_VERSION	7
crates/crucible-qemu-plugin/src/abi.rs	QEMU_PLUGIN_HOT_FORK_BARRIER_STATUS_VERSION	6
crates/crucible-qemu-plugin/src/abi.rs	QEMU_PLUGIN_HOT_FORK_CHILD_PLAN_VERSION	4
crates/crucible-qemu-plugin/src/abi.rs	QEMU_PLUGIN_HOT_FORK_CHILD_STATUS_VERSION	4
crates/crucible-qemu-plugin/src/block_io.rs	BLOCK_WIRE_VERSION	4
crates/crucible-qemu-plugin/src/block_io.rs	BLOCK_TRANSPORT_CONTINUATION_MAGIC	b"CBTS"
crates/crucible-qemu-plugin/src/block_io.rs	BLOCK_TRANSPORT_CONTINUATION_VERSION	1
crates/crucible-qemu-plugin/src/fault_command.rs	QEMU_PLUGIN_CRUCIBLE_FAULT_EVENT_ENVELOPE_VERSION_SYMBOL	"qemu_plugin_crucible_fault_event_envelope_version"
crates/crucible-qemu-plugin/src/fault_command.rs	EVENT_ENVELOPE_VERSION_SYMBOL_C	b"qemu_plugin_crucible_fault_event_envelope_version\0"
crates/crucible-qemu-plugin/src/fault_command.rs	CAPABILITY_HASH_DOMAIN	b"crucible.qemu-fault-capability.v1\0"
crates/crucible-qemu-plugin/src/fault_command/event_envelope.rs	NODE_EVENT_ENVELOPE_VERSION	1
crates/crucible-qemu-plugin/src/fault_command/event_envelope.rs	NODE_EVENT_ENVELOPE_MAGIC	b"CRUCEVQ1"
crates/crucible-qemu-plugin/src/io_wire_fuzz.rs	BLOCK_REQUEST_BAD_VERSION	[ 0, 99, 0, 0, // type/version/reserved 0, 0, 0, 0, 0, 0, 0, 0, // epoch 1, 0, 0, 0, // request_id 0, 0, 0, 0, 0, 0, 0, 0, // offset 1, 0, 0, 0, // count ]
crates/crucible-qemu-plugin/src/runtime.rs	PLUGIN_RESOURCE_MANIFEST_VERSION	3
crates/crucible-qemu-plugin/src/runtime/live_whitebox/app_random.rs	NAME_HASH_DOMAIN	"crucible.decision-rng.name-hash.v1"
crates/crucible-qemu/src/checkpoint.rs	MAGIC	b"crucible.qemu-node-continuation.v7\0"
crates/crucible-qemu/src/checkpoint/host_io_codec.rs	MAGIC	b"crucible.qemu-host-io-checkpoint.v6\0"
crates/crucible-qemu/src/fault_capability.rs	NODE_FAULT_PAYLOAD_SCHEMA	b"crucible.node-fault-payload.v1
crates/crucible-qemu/src/fault_capability.rs	INSTRUCTION_FAULT_PAYLOAD_SCHEMA	b"crucible.node-fault-payload.v1
crates/crucible-qemu/src/fault_capability.rs	EXCEPTION_FAULT_PAYLOAD_SCHEMA	b"crucible.node-fault-payload.v1
crates/crucible-qemu/src/fault_capability.rs	MEMORY_ECC_FAULT_PAYLOAD_SCHEMA	b"crucible.node-fault-payload.v1
crates/crucible-qemu/src/launch.rs	FAULT_TARGET_NODE_DOMAIN	b"crucible.qemu.fault-target-node.v1\0"
crates/crucible-qemu/src/live_plugin_gate.rs	GATE_DOMAIN	"crucible.loaded-qemu-plugin-install.v1"
crates/crucible-qemu/src/mapped_quantum/fingerprint.rs	BLACK_BOX_EXECUTION_FINGERPRINT_DOMAIN	"crucible.qemu.black-box-execution-fingerprint.v1"
crates/crucible-qemu/src/node/exact_snapshot.rs	EXACT_RAM_TARGET_IDENTITY_DOMAIN	"crucible.production-vm-exact-ram-target.v1"
crates/crucible-qemu/src/node/exact_snapshot.rs	EXACT_RAM_FRONTIER_IDENTITY_DOMAIN	"crucible.production-vm-exact-ram-frontier.v1"
crates/crucible-qemu/src/production_fault_runtime/checkpoint_codec.rs	MAGIC	b"crucible.production-fault-runtime.v7\0"
crates/crucible-qemu/src/qmp/fingerprint_projection.rs	QMP_FINGERPRINT_PROJECTION_MANIFEST_SCHEMA_VERSION	4
crates/crucible-qemu/src/qmp/fingerprint_projection.rs	FINGERPRINT_PROJECTION_SCHEMA_DOMAIN	"crucible.qemu.device-projection-schema.v3"
crates/crucible-qemu/src/qmp/fingerprint_projection.rs	FINGERPRINT_PROJECTION_SECTION_DOMAIN	"read-only-section"
crates/crucible-qemu/src/qmp/fingerprint_projection.rs	FINGERPRINT_PROJECTION_END_DOMAIN	"read-only-sections-end"
crates/crucible-qemu/src/qmp/hot_fork.rs	QMP_HOT_FORK_PLUGIN_RESOURCE_INVENTORY_SCHEMA_VERSION	3
crates/crucible-qemu/src/qmp/hot_fork.rs	QMP_HOT_FORK_PLUGIN_BARRIER_SCHEMA_VERSION	6
crates/crucible-qemu/src/qmp/hot_fork.rs	QMP_HOT_FORK_CHILD_RUNTIME_SCHEMA_VERSION	4
crates/crucible-qemu/src/qmp/hot_fork/async_worker_barrier.rs	QMP_HOT_FORK_ASYNC_WORKER_BARRIER_SCHEMA_VERSION	3
crates/crucible-qemu/src/qmp/hot_fork/block_barrier.rs	QMP_HOT_FORK_BLOCK_BARRIER_SCHEMA_VERSION	4
crates/crucible-qemu/src/qmp/hot_fork/block_barrier/source_proof.rs	QMP_HOT_FORK_BLOCK_SOURCE_PROOF_SCHEMA_VERSION	1
crates/crucible-qemu/src/qmp/hot_fork/block_seal.rs	QMP_HOT_FORK_BLOCK_SEAL_SCHEMA_VERSION	1
crates/crucible-qemu/src/qmp/hot_fork/child_console.rs	QMP_HOT_FORK_CHILD_CONSOLE_SCHEMA_VERSION	1
crates/crucible-qemu/src/qmp/hot_fork/child_files.rs	QMP_HOT_FORK_CHILD_FILES_SCHEMA_VERSION	1
crates/crucible-qemu/src/qmp/hot_fork/child_process.rs	QMP_HOT_FORK_CHILD_PROCESS_SCHEMA_VERSION	2
crates/crucible-qemu/src/qmp/hot_fork/child_process_contract.rs	QMP_HOT_FORK_CHILD_PROCESS_CONTRACT_SCHEMA_VERSION	3
crates/crucible-qemu/src/qmp/hot_fork/child_qmp.rs	QMP_HOT_FORK_CHILD_QMP_SCHEMA_VERSION	8
crates/crucible-qemu/src/qmp/hot_fork/diagnostics.rs	QMP_HOT_FORK_CHILD_DIAGNOSTICS_SCHEMA_VERSION	1
crates/crucible-qemu/src/qmp/hot_fork/fork.rs	QMP_HOT_FORK_SCHEMA_VERSION	3
crates/crucible-qemu/src/qmp/hot_fork/plugin_endpoints.rs	QMP_HOT_FORK_PLUGIN_ENDPOINTS_SCHEMA_VERSION	5
crates/crucible-qemu/src/qmp/hot_fork/private_rings.rs	QMP_HOT_FORK_PRIVATE_RINGS_SCHEMA_VERSION	3
crates/crucible-qemu/src/qmp/hot_fork/rcu_barrier.rs	QMP_HOT_FORK_RCU_BARRIER_SCHEMA_VERSION	1
crates/crucible-qemu/src/qmp/hot_fork/source_graph.rs	QMP_HOT_FORK_SOURCE_GRAPH_SCHEMA_VERSION	1
crates/crucible-qemu/src/qmp/hot_fork/template.rs	QMP_HOT_FORK_TEMPLATE_SCHEMA_VERSION	29
crates/crucible-qemu/src/qmp/hot_fork/template.rs	QMP_HOT_FORK_TEMPLATE_RESOURCE_STAGE_SCHEMA_VERSION	13
crates/crucible-qemu/src/qmp/ram_delta.rs	QMP_CHECKPOINT_SCHEMA_VERSION	2
crates/crucible-qemu/src/quantum.rs	QUANTUM_FINGERPRINT_DOMAIN	"crucible.qemu.quantum-shmem-fingerprint.v1"
crates/crucible-qemu/src/realization/snapshot_codec.rs	MAGIC	b"crucible.qemu-vm-snapshot.v4\0"
crates/crucible-qemu/src/spawn/materialization.rs	EXACT_DEVICE_STATE_BINDING_DOMAIN	"crucible.executor.exact-device-state-restore-binding.v1"
crates/crucible-qemu/src/supervision/accelerator_io_servicer.rs	ACCELERATOR_CHECKPOINT_MAGIC	b"crucible.accelerator-checkpoint.v1\0"
crates/crucible-qemu/src/supervision/node_step_gate.rs	GATE_DOMAIN	"crucible.loaded-qemu-live-node-step.v1"
crates/crucible-shmem/src/abi_version.in	include-value	30
crates/crucible-shmem/src/lib.rs	REGION_MAGIC	u64::from_le_bytes(*b"CRUCSHM1")
crates/crucible-shmem/src/lib.rs	ABI_VERSION	30
crates/crucible-shmem/src/mapped_setup_region/hot_fork/image.rs	HOT_FORK_RING_IMAGE_MAGIC	*b"CRHFRI02"
crates/crucible-shmem/src/mapped_setup_region/hot_fork/image.rs	HOT_FORK_RING_IMAGE_SCHEMA_VERSION	2
crates/crucible-shmem/src/shmem/fault_clock_evidence.rs	FAULT_CLOCK_EVIDENCE_MAGIC_V2	*b"CRUCLKV2"
crates/crucible-shmem/src/shmem/fault_command/capability.rs	FAULT_CAPABILITY_MANIFEST_MAGIC_V1	*b"CRUCFCP1"
crates/crucible-shmem/src/shmem/fault_command/capability.rs	FAULT_CAPABILITY_MANIFEST_VERSION_V1	1
crates/crucible-shmem/src/shmem/fault_command/layout.rs	FAULT_COMMAND_SEMANTIC_VERSION	1
crates/crucible-shmem/src/shmem/fault_command/layout.rs	FAULT_COMMAND_SEMANTIC_VERSION_OFFSET	12
crates/crucible-shmem/src/shmem/fault_command/layout.rs	FAULT_RESULT_SEMANTIC_VERSION_OFFSET	8
crates/crucible-shmem/src/shmem/fault_command/layout.rs	FAULT_RESULT_CAPABILITY_VERSION_OFFSET	44
crates/crucible-shmem/src/shmem/fault_command/layout.rs	FAULT_CAPABILITY_SEMANTIC_VERSION_OFFSET	4
crates/crucible-shmem/src/shmem/fault_event/checkpoint.rs	MAGIC	b"crucible.dequeued-fault-event.v1\0"
crates/crucible-shmem/src/shmem/fault_instruction_evidence.rs	FAULT_INSTRUCTION_EVIDENCE_MAGIC_V1	*b"CRUCIEV1"
crates/crucible-shmem/src/shmem/fault_instruction_evidence.rs	FAULT_INSTRUCTION_PORT_IO_EVIDENCE_MAGIC_V1	*b"CRUCIOP1"
crates/crucible-shmem/src/shmem/fault_instruction_evidence.rs	FAULT_EXCEPTION_EVIDENCE_MAGIC_V1	*b"CRUCEEV1"
crates/crucible-shmem/src/shmem/fault_memory.rs	MEMORY_MUTATION_PAYLOAD_MAGIC_V1	*b"CRUCMEM1"
crates/crucible-shmem/src/shmem/fault_memory.rs	MEMORY_MUTATION_PAYLOAD_VERSION_V1	1
crates/crucible-shmem/src/shmem/fault_memory.rs	MEMORY_MUTATION_VERSION_OFFSET	8
crates/crucible-shmem/src/shmem/fault_memory_batch.rs	MEMORY_MUTATION_BATCH_MAGIC_V1	*b"CRUMBAT1"
crates/crucible-shmem/src/shmem/fault_memory_batch.rs	MEMORY_MUTATION_BATCH_VERSION_V1	1
crates/crucible-shmem/src/shmem/fault_memory_batch.rs	MEMORY_MUTATION_BATCH_VERSION_OFFSET	8
crates/crucible-shmem/src/shmem/fault_memory_batch.rs	MEMORY_MUTATION_BATCH_PRECONDITION_SHA256_DOMAIN_V1	b"crucible.memory-mutation-batch-precondition.v1\0"
crates/crucible-shmem/src/shmem/fault_memory_batch.rs	MEMORY_MUTATION_BATCH_BEFORE_SHA256_DOMAIN_V1	b"crucible.memory-mutation-batch-before.v1\0"
crates/crucible-shmem/src/shmem/fault_memory_batch.rs	MEMORY_MUTATION_BATCH_AFTER_SHA256_DOMAIN_V1	b"crucible.memory-mutation-batch-after.v1\0"
crates/crucible-shmem/src/shmem/fault_memory_batch.rs	MEMORY_MUTATION_BATCH_EVIDENCE_MAGIC_V1	*b"CRUMBAV1"
crates/crucible-shmem/src/shmem/fault_memory_batch.rs	MEMORY_MUTATION_BATCH_EVIDENCE_VERSION_V1	1
crates/crucible-shmem/src/shmem/fault_memory_batch.rs	MEMORY_MUTATION_BATCH_EVIDENCE_VERSION_OFFSET	8
crates/crucible-shmem/src/shmem/fault_memory_evidence/evidence.rs	MEMORY_MUTATION_EVIDENCE_MAGIC_V1	*b"CRUCMER1"
crates/crucible-shmem/src/shmem/fault_memory_evidence/evidence.rs	MEMORY_MUTATION_EVIDENCE_VERSION_V1	1
crates/crucible-shmem/src/shmem/fault_memory_evidence/evidence.rs	MEMORY_MUTATION_EVIDENCE_VERSION_OFFSET	8
crates/crucible-shmem/src/shmem/fault_memory_evidence/evidence.rs	MEMORY_BOUNDARY_FINGERPRINT_SHA256_DOMAIN_V1	b"crucible.memory-boundary-fingerprint.v1\0"
crates/crucible-shmem/src/shmem/fault_memory_evidence/evidence.rs	MEMORY_MUTATION_PRECONDITION_SHA256_DOMAIN_V1	b"crucible.memory-mutation-precondition.v1\0"
crates/crucible-shmem/src/shmem/fault_memory_evidence/mapping.rs	MEMORY_MAPPING_SHA256_DOMAIN_V1	b"crucible.memory-mapping.v1\0"
crates/crucible-shmem/src/shmem/fault_memory_evidence/mapping.rs	MEMORY_DIRTY_SHA256_DOMAIN_V1	b"crucible.memory-dirty-pages.v1\0"
crates/crucible-shmem/src/shmem/fault_memory_evidence/translation.rs	MEMORY_TRANSLATION_SHA256_DOMAIN_V1	b"crucible.memory-translation.v1\0"
crates/crucible-shmem/src/shmem/fault_memory_evidence/translation.rs	MEMORY_REGION_IDENTITY_SHA256_DOMAIN_V1	b"crucible.memory-region-identity.v1\0"
crates/crucible-shmem/src/shmem/fault_memory_evidence/translation.rs	MEMORY_RAM_BLOCK_IDENTITY_SHA256_DOMAIN_V1	b"crucible.ram-block-identity.v1\0"
crates/crucible-shmem/src/shmem/fault_node.rs	NODE_FAULT_PAYLOAD_MAGIC_V1	*b"CRUCNOD1"
crates/crucible-shmem/src/shmem/fault_node.rs	NODE_FAULT_PAYLOAD_VERSION_V1	1
crates/crucible-shmem/src/shmem/fault_node.rs	NODE_FAULT_POLICY_JSON_MAGIC_V1	*b"CRUCJSN1"
crates/crucible-shmem/src/shmem/fault_node.rs	NODE_FAULT_EVIDENCE_MAGIC_V1	*b"CRUCNEV1"
crates/crucible-shmem/src/shmem/fault_register_evidence.rs	FAULT_REGISTER_EVIDENCE_MAGIC_V1	*b"CRUCREG1"
crates/crucible-shmem/src/shmem/fault_target_manifest.rs	FAULT_TARGET_MANIFEST_QUERY_MAGIC_V1	*b"CRUCFTQ1"
crates/crucible-shmem/src/shmem/fault_target_manifest.rs	FAULT_REGISTER_MANIFEST_MAGIC_V1	*b"CRUCRGM1"
crates/crucible-shmem/src/shmem/fault_target_manifest.rs	FAULT_REGISTER_MANIFEST_VERSION_V1	1
crates/crucible-shmem/src/shmem/fault_target_manifest.rs	FAULT_INTERRUPT_MANIFEST_MAGIC_V1	*b"CRUCIRM1"
crates/crucible-shmem/src/shmem/fault_target_manifest.rs	FAULT_INTERRUPT_MANIFEST_VERSION_V1	1
crates/crucible-shmem/src/shmem/fault_target_manifest.rs	FAULT_CLOCK_MANIFEST_MAGIC_V2	*b"CRUCCLM2"
crates/crucible-shmem/src/shmem/fault_target_manifest.rs	FAULT_CLOCK_MANIFEST_VERSION_V2	2
crates/crucible-shmem/src/shmem/fault_target_manifest.rs	FAULT_HARDWARE_ERROR_MANIFEST_MAGIC_V1	*b"CRUCHWM1"
crates/crucible-shmem/src/shmem/fault_target_manifest.rs	FAULT_HARDWARE_ERROR_MANIFEST_VERSION_V1	1
crates/crucible-shmem/src/shmem/fault_target_manifest.rs	FAULT_ACCELERATOR_MANIFEST_MAGIC_V1	*b"CRUCACM1"
crates/crucible-shmem/src/shmem/fault_target_manifest.rs	FAULT_ACCELERATOR_MANIFEST_VERSION_V1	1
crates/crucible-shmem/src/shmem/fault_target_manifest.rs	FAULT_SYSTEM_MANIFEST_MAGIC_V1	*b"CRUCFSM1"
crates/crucible-shmem/src/shmem/fault_target_manifest.rs	FAULT_SYSTEM_MANIFEST_VERSION_V1	1
crates/crucible-shmem/src/shmem/fault_terminal_evidence.rs	FAULT_QUEUE_TERMINAL_EVIDENCE_MAGIC_V1	*b"CRUCQFL1"
crates/crucible-shmem/src/shmem/fault_terminal_evidence.rs	FAULT_RESOURCE_TERMINAL_EVIDENCE_MAGIC_V1	*b"CRUCLIM1"
crates/crucible-shmem/src/shmem/fingerprint_sample.rs	WORD_DEVICE_STATE_SCHEMA_DIGEST	WORD_DEVICE_STATE_DIGEST + FINGERPRINT_DIGEST_WORDS
crates/crucible-shmem/src/shmem/region/header.rs	REGION_HEADER_MAGIC_OFFSET	core::mem::offset_of!(RegionHeader, magic)
crates/crucible-shmem/src/shmem/region/header.rs	REGION_HEADER_ABI_VERSION_OFFSET	core::mem::offset_of!(RegionHeader, abi_version)
crates/crucible-shmem/src/shmem/ring_accelerator.rs	ACCELERATOR_PROTOCOL_VERSION	1
crates/crucible-shmem/src/shmem/ring_accelerator.rs	ACCELERATOR_ENTRY_PROTOCOL_VERSION_OFFSET	core::mem::offset_of!(AcceleratorEntry, protocol_version)
crates/crucible-shmem/src/shmem/ring_accelerator.rs	MAGIC	b"crucible.accelerator-entry.v1\0"
crates/crucible-sim/src/lib.rs	DECISION_RNG_NAME_HASH_DOMAIN	"crucible.decision-rng.name-hash.v1"
crates/crucible-sim/src/lib.rs	DECISION_RNG_NODE_STREAM_DOMAIN	"crucible.decision-rng.node-stream.v1"
crates/crucible-sim/src/lib.rs	DECISION_RNG_LINK_STREAM_DOMAIN	"crucible.decision-rng.link-stream.v1"
crates/crucible/src/backend/io/network_checkpoint.rs	BACKEND_NETWORK_OUTPUT_VERSION	2
crates/crucible/src/decision/app_random_selectable.rs	APP_RANDOM_DOMAIN_SEMANTIC_VERSION	1
crates/crucible/src/decision/signal_fault_selectable/semantics.rs	SIGNAL_FAULT_DOMAIN_VERSION	1
crates/crucible/src/device_subnode/checkpoint.rs	MAGIC	b"crucible.device-scheduling-subnode.v1\0"
crates/crucible/src/event_catalog.rs	EVENT_KIND_CATALOG_VERSION	7
crates/crucible/src/exact_checkpoint.rs	PRODUCTION_EXACT_CLOSURE_SCHEMA_VERSION	9
crates/crucible/src/exact_checkpoint.rs	MANIFEST_MAGIC	b"crucible.production-exact-closure.v9\0"
crates/crucible/src/exact_checkpoint.rs	CLOSURE_DOMAIN	"crucible.production-exact-closure.v9"
crates/crucible/src/exact_checkpoint.rs	TARGET_DOMAIN	"crucible.production-vm-exact-checkpoint.v3"
crates/crucible/src/exact_checkpoint.rs	RAM_TARGET_DOMAIN	"crucible.production-vm-exact-checkpoint.v2"
crates/crucible/src/exact_checkpoint.rs	SPARSE_ARTIFACT_DOMAIN	"crucible.production-exact-sparse-artifact.v1"
crates/crucible/src/exact_checkpoint.rs	ROOT_SCHEMA	"crucible.executor.exact-checkpoint-root"
crates/crucible/src/exact_checkpoint.rs	ROOT_SCHEMA_VERSION	5
crates/crucible/src/exact_checkpoint.rs	MANIFEST_SCHEMA_VERSION	4
crates/crucible/src/exact_checkpoint.rs	PROMOTION_EVIDENCE_SCHEMA_VERSION	1
crates/crucible/src/exact_checkpoint.rs	CHOICE_CLOSURE_SCHEMA_VERSION	1
crates/crucible/src/exact_checkpoint.rs	INDEX_SCHEMA	"crucible.executor.production-checkpoint-index"
crates/crucible/src/exact_checkpoint.rs	INDEX_SCHEMA_VERSION	1
crates/crucible/src/exact_checkpoint.rs	INDEX_MAGIC	b"CRUCPIDX"
crates/crucible/src/exact_checkpoint.rs	OBJECT_SCHEMA_VERSION	5
crates/crucible/src/exact_checkpoint/codec.rs	FINAL_RAM_TARGET_DOMAIN	"crucible.production-vm-exact-ram-target.v1"
crates/crucible/src/exact_checkpoint/codec.rs	FINAL_RAM_FRONTIER_DOMAIN	"crucible.production-vm-exact-ram-frontier.v1"
crates/crucible/src/example_corpus.rs	BUILT_IN_EXAMPLE_CORPUS_VERSION	"crucible.example-corpus.v2"
crates/crucible/src/lib.rs	SHMEM_ABI_VERSION	include!("../../crucible-shmem/src/abi_version.in")
crates/crucible/src/model.rs	DECISION_RNG_DEVICE_STREAM_DOMAIN	"crucible.decision-rng.device-stream.v1"
crates/crucible/src/model.rs	REPLAY_ORACLE_SEARCH_SAMPLING_DOMAIN	b"crucible.replay-oracle.search-sampling.v1"
crates/crucible/src/model.rs	SEARCH_PRIORITY_SCORE_DOMAIN	b"crucible.search.strategy.priority.v1"
crates/crucible/src/model.rs	COVERAGE_GUIDED_FUZZ_SAMPLE_DOMAIN	"crucible.coverage-guided-fuzz.sample.v1"
crates/crucible/src/model.rs	COVERAGE_GUIDED_FUZZ_SELECTION_DOMAIN	"crucible.coverage-guided-fuzz.selection.v1"
crates/crucible/src/model.rs	FAILURE_SIGNATURE_DOMAIN	"crucible.failure-signature.v1"
crates/crucible/src/model.rs	FAILURE_SIGNATURE_KEY_DOMAIN	"crucible.failure-signature.key.v1"
crates/crucible/src/model.rs	FAILURE_CAUSAL_SLICE_DOMAIN	"crucible.failure-signature.causal-slice.v1"
crates/crucible/src/model.rs	FAILURE_FINDINGS_LEDGER_DOMAIN	"crucible.failure-triage.findings-ledger.v1"
crates/crucible/src/model.rs	FAILURE_TRIAGE_RESULT_IDENTITY_DOMAIN	"crucible.failure-triage.result-identity.v1"
crates/crucible/src/model.rs	FAILURE_TRIAGE_SIGNATURE_SELF_CHECK_DOMAIN	"crucible.failure-triage.signature-self-check.v1"
crates/crucible/src/model.rs	FAILURE_CLUSTERING_RESULT_DOMAIN	"crucible.failure-triage.clustering-result.v1"
crates/crucible/src/model.rs	FAILURE_SIGNATURE_MINIMIZATION_RESULT_DOMAIN	"crucible.failure-triage.signature-preserving-minimization.v1"
crates/crucible/src/model.rs	FAILURE_CLUSTER_REPORT_DOMAIN	"crucible.failure-triage.cluster-report.v1"
crates/crucible/src/model.rs	FAILURE_CLUSTER_REPORT_SET_DOMAIN	"crucible.failure-triage.cluster-report-set.v1"
crates/crucible/src/model.rs	FAILURE_TRIAGE_RESULT_DOMAIN	"crucible.failure-triage.result.v1"
crates/crucible/src/model.rs	FAILURE_TRIAGE_RESULT_DIFF_DOMAIN	"crucible.failure-triage.result-diff.v1"
crates/crucible/src/model.rs	SIGNATURE_POLICY_SCHEMA_VERSION	1
crates/crucible/src/model/failure/replay_evidence.rs	FAILURE_TRIAGE_REPLAY_EVIDENCE_SCHEMA_VERSION	3
crates/crucible/src/model/failure/replay_evidence.rs	FAILURE_TRIAGE_REPLAY_EVIDENCE_V3_MAGIC	b"CRUCIBLE_FAILURE_TRIAGE_REPLAY_EVIDENCE\0\x03"
crates/crucible/src/model/fault_signal/adapter_runtime.rs	ADAPTER_CHECKPOINT_VERSION	2
crates/crucible/src/model/fault_signal/effect_registry.rs	EFFECT_SEMANTIC_VERSION	1
crates/crucible/src/model/fault_signal/evaluator.rs	EVALUATOR_CHECKPOINT_MAGIC	b"CREVAL02"
crates/crucible/src/model/fault_signal/host_action_sink/checkpoint_codec.rs	MAGIC	b"crucible.host-fault-action-state.v3\0"
crates/crucible/src/model/fault_signal/mod.rs	SIGNAL_EVALUATOR_VERSION	2
crates/crucible/src/model/fault_signal/runtime.rs	FAULT_RUNTIME_STATE_VERSION	6
crates/crucible/src/model/fault_signal/runtime.rs	RESOLVED_EFFECT_TRACE_MAGIC	b"crucible.resolved-effect-trace.v3\0"
crates/crucible/src/model/fault_signal/sampler.rs	INVERSE_CDF_CODEC_VERSION	1
crates/crucible/src/model/fault_signal/sampler.rs	MAGIC	b"CRCDFTB1"
crates/crucible/src/model/fault_signal/spatial.rs	SPATIAL_CODEC_VERSION	1
crates/crucible/src/model/fault_signal/spatial.rs	MAGIC	b"CRSPAT01"
crates/crucible/src/model/fault_signal/trace.rs	TRACE_CODEC_VERSION	2
crates/crucible/src/model/fault_signal/trace.rs	MANIFEST_MAGIC	b"CRTRMAN2"
crates/crucible/src/model/fault_signal/trace.rs	CHUNK_MAGIC	b"CRTRCHK2"
crates/crucible/src/model/fault_signal/trace_import.rs	TRACE_IMPORTER_VERSION	2
crates/crucible/src/model/fault_signal/wire/toml_codec.rs	FAULT_SIGNAL_PLAN_WIRE_VERSION	2
crates/crucible/src/model/plan_properties.rs	PROPERTY_SCHEMA_VERSION	2
crates/crucible/src/model/plan_properties.rs	PROPERTY_SCHEMA_DOMAIN	"crucible.model.properties.v2"
crates/crucible/src/model/scenario_selectables.rs	SCENARIO_SELECTABLE_MAGIC	b"CRUCSDS1"
crates/crucible/src/model/scenario_selectables.rs	SCENARIO_SELECTABLE_VERSION	1
crates/crucible/src/model/toml.rs	SCENARIO_FORM_BINARY_MAGIC_V9	b"crucible.scenario-def-form.v9\0"
crates/crucible/src/model/toml.rs	REPRODUCTION_ARTIFACT_BINARY_MAGIC_V9	b"crucible.reproduction-artifact.v9\0"
crates/crucible/src/model/toml.rs	SCHEDULE_BINARY_MAGIC_V4	b"crucible.schedule.v4\0"
crates/crucible/src/model/toml.rs	WORLD_BINARY_MAGIC_V6	b"crucible.world.v6\0"
crates/crucible/src/model/toml.rs	PLAN_BINARY_MAGIC	b"crucible.plan.v6\0"
crates/crucible/src/model/toml.rs	PROPERTIES_BINARY_MAGIC	b"crucible.properties.v2\0"
crates/crucible/src/model/toml.rs	PREDICATE_BINARY_MAGIC	b"crucible.predicate.v2\0"
crates/crucible/src/model/toml.rs	ACTION_BINARY_MAGIC	b"crucible.action.v2\0"
crates/crucible/src/model/toml.rs	CONTROL_OPERATION_KIND_BINARY_MAGIC	b"crucible.control-operation-kind.v1\0"
crates/crucible/src/model/toml.rs	SEED_BINARY_MAGIC	b"crucible.seed.v1\0"
crates/crucible/src/model/toml.rs	CHECKPOINT_BINARY_MAGIC_V6	b"crucible.checkpoint.v6\0"
crates/crucible/src/model/toml.rs	SCHEDULER_STATE_BINARY_MAGIC	b"crucible.scheduler-state.v2\0"
crates/crucible/src/model/toml.rs	PREEMPTION_DECISION_BINARY_MAGIC	b"crucible.preemption-decision.v3\0"
crates/crucible/src/model/toml.rs	SCENARIO_TOML_SCHEMA_V9	"crucible.scenario.v9"
crates/crucible/src/scheduler.rs	EVENT_LOG_SEGMENT_BINARY_MAGIC	b"CRUCIBLE-ELOGSEG"
crates/crucible/src/scheduler.rs	EVENT_LOG_SEGMENT_BINARY_VERSION	5
crates/crucible/src/scheduler/checkpoint.rs	MAGIC	b"crucible.single-scheduler-continuation.v6\0"
crates/crucible/src/scheduler/runtime_state/network_checkpoint.rs	SCHEDULER_NETWORK_CHECKPOINT_MAGIC	b"crucible.scheduler-network.v2\0"
crates/crucible/src/trigger/assertions.rs	HOST_ASSERTION_CHECKPOINT_MAGIC	b"crucible.host-assertion-continuation.v2\0"
crates/crucible/src/trigger/event_graph.rs	MAGIC	b"crucible.event-graph-state.v2\0"
