source	dependency_kind	condition	dependency	local_path	optional	features
crucible-api	dependencies	-	axum	-	false	-
crucible-api	dependencies	-	blake3	-	false	-
crucible-api	dependencies	-	bytes	-	false	-
crucible-api	dependencies	-	ciborium	-	false	-
crucible-api	dependencies	-	crucible	../crucible	false	-
crucible-api	dependencies	-	crucible-campaign	../crucible-campaign	false	-
crucible-api	dependencies	-	crucible-device	../crucible-device	false	-
crucible-api	dependencies	-	crucible-protocol	../crucible-protocol	false	-
crucible-api	dependencies	-	crucible-qemu	../crucible-qemu	false	-
crucible-api	dependencies	-	crucible-session	../crucible-session	false	-
crucible-api	dependencies	-	futures-util	-	false	-
crucible-api	dependencies	-	hyper-util	-	false	-
crucible-api	dependencies	-	reqwest	-	false	http2
crucible-api	dependencies	-	rustix	-	false	-
crucible-api	dependencies	-	rustls	-	false	-
crucible-api	dependencies	-	rustls-pemfile	-	false	-
crucible-api	dependencies	-	rustls-pki-types	-	false	-
crucible-api	dependencies	-	serde	-	false	-
crucible-api	dependencies	-	serde_json	-	false	-
crucible-api	dependencies	-	sha2	-	false	-
crucible-api	dependencies	-	tempfile	-	false	-
crucible-api	dependencies	-	thiserror	-	false	-
crucible-api	dependencies	-	tokio	-	false	-
crucible-api	dependencies	-	tokio-rustls	-	false	-
crucible-api	dependencies	-	uuid	-	false	-
crucible-api	dev-dependencies	-	crucible	../crucible	false	test-double,test-support
crucible-api	dev-dependencies	-	crucible-qemu	../crucible-qemu	false	test-support
crucible-api	dev-dependencies	-	crucible-session	../crucible-session	false	test-support
crucible-api	dev-dependencies	-	crucible-shmem	../crucible-shmem	false	-
crucible-assert	dependencies	-	thiserror	-	false	-
crucible-campaign	dependencies	-	blake3	-	false	-
crucible-campaign	dependencies	-	crucible-cas	-	false	-
crucible-campaign	dependencies	-	ed25519-dalek	-	false	-
crucible-campaign	dependencies	-	num-bigint	-	false	-
crucible-campaign	dependencies	-	num-integer	-	false	-
crucible-campaign	dependencies	-	num-traits	-	false	-
crucible-campaign	dependencies	-	serde	-	false	-
crucible-campaign	dependencies	-	thiserror	-	false	-
crucible-campaign	dependencies	-	unicode-normalization	-	false	-
crucible-campaign	dev-dependencies	-	serde_json	-	false	-
crucible-campaign	dev-dependencies	-	tempfile	-	false	-
crucible-cas	dependencies	-	aes-gcm	-	false	zeroize
crucible-cas	dependencies	-	blake3	-	false	-
crucible-cas	dependencies	-	rusqlite	-	false	blob
crucible-cas	dependencies	-	rustix	-	false	-
crucible-cas	dependencies	-	thiserror	-	false	-
crucible-cas	dependencies	-	zeroize	-	false	-
crucible-cas	dependencies	-	zstd	-	false	-
crucible-cas	dev-dependencies	-	tempfile	-	false	-
crucible-cli	dependencies	-	aws-credential-types	-	false	-
crucible-cli	dependencies	-	aws-sdk-s3	-	false	-
crucible-cli	dependencies	-	clap	-	false	-
crucible-cli	dependencies	-	clap_complete	-	false	-
crucible-cli	dependencies	-	crucible-api	../crucible-api	false	-
crucible-cli	dependencies	-	crucible-campaign	../crucible-campaign	false	-
crucible-cli	dependencies	-	crucible-daemon	../crucible-daemon	false	-
crucible-cli	dependencies	-	crucible-session	../crucible-session	false	-
crucible-cli	dependencies	-	hex	-	false	-
crucible-cli	dependencies	-	rcgen	-	false	-
crucible-cli	dependencies	-	rustix	-	false	process,termios
crucible-cli	dependencies	-	serde	-	false	-
crucible-cli	dependencies	-	serde_json	-	false	-
crucible-cli	dependencies	-	tempfile	-	false	-
crucible-cli	dependencies	-	tokio	-	false	-
crucible-cli	dependencies	-	tokio-rustls	-	false	-
crucible-cli	dependencies	-	toml	-	false	-
crucible-cli	dependencies	-	url	-	false	-
crucible-cli	dependencies	-	zeroize	-	false	-
crucible-cli	dev-dependencies	-	crucible-api	../crucible-api	false	test-support
crucible-cli	dev-dependencies	-	crucible-cas	../crucible-cas	false	-
crucible-cli	dev-dependencies	-	crucible	../crucible	false	test-support
crucible-cli	dev-dependencies	-	crucible-daemon	../crucible-daemon	false	test-support
crucible-cli	dev-dependencies	-	crucible-device	../crucible-device	false	-
crucible-cli	dev-dependencies	-	crucible-guest	../crucible-guest	false	-
crucible-cli	dev-dependencies	-	crucible-harness	../crucible-harness	false	-
crucible-cli	dev-dependencies	-	crucible-protocol	../crucible-protocol	false	-
crucible-cli	dev-dependencies	-	crucible-qemu	../crucible-qemu	false	-
crucible-cli	dev-dependencies	-	crucible-shmem	../crucible-shmem	false	-
crucible-cli	dev-dependencies	-	libc	-	false	-
crucible-cli	dev-dependencies	-	sha2	-	false	-
crucible-daemon	dependencies	-	blake3	-	false	-
crucible-daemon	dependencies	-	ciborium	-	false	-
crucible-daemon	dependencies	-	crucible	../crucible	false	-
crucible-daemon	dependencies	-	crucible-api	../crucible-api	false	-
crucible-daemon	dependencies	-	crucible-campaign	../crucible-campaign	false	-
crucible-daemon	dependencies	-	crucible-cas	-	false	-
crucible-daemon	dependencies	-	crucible-linux-resource	-	false	-
crucible-daemon	dependencies	-	crucible-protocol	../crucible-protocol	false	-
crucible-daemon	dependencies	-	crucible-qemu	../crucible-qemu	false	-
crucible-daemon	dependencies	-	crucible-s3-store	-	false	-
crucible-daemon	dependencies	-	crucible-session	../crucible-session	false	-
crucible-daemon	dependencies	-	crucible-shmem	../crucible-shmem	false	-
crucible-daemon	dependencies	-	ed25519-dalek	-	false	-
crucible-daemon	dependencies	-	rand	-	false	-
crucible-daemon	dependencies	-	rustix	-	false	event,net,time
crucible-daemon	dependencies	-	serde	-	false	-
crucible-daemon	dependencies	-	serde_json	-	false	-
crucible-daemon	dependencies	-	tempfile	-	false	-
crucible-daemon	dependencies	-	thiserror	-	false	-
crucible-daemon	dependencies	-	tokio	-	false	-
crucible-daemon	dependencies	-	toml	-	false	-
crucible-daemon	dev-dependencies	-	crucible	../crucible	false	test-double
crucible-daemon	dev-dependencies	-	crucible-api	../crucible-api	false	test-support
crucible-daemon	dev-dependencies	-	crucible-guest	../crucible-guest	false	-
crucible-daemon	dev-dependencies	-	crucible-qemu	../crucible-qemu	false	test-support
crucible-debug-gateway	dependencies	-	crucible-protocol	../crucible-protocol	false	-
crucible-debug-gateway	dependencies	-	thiserror	-	false	-
crucible-debug-gateway	dev-dependencies	-	crucible-api	../crucible-api	false	-
crucible-debug-gateway	dev-dependencies	-	tempfile	-	false	-
crucible-device	dependencies	-	blake3	-	false	-
crucible-device	dependencies	-	ciborium	-	false	-
crucible-device	dependencies	-	crucible-shmem	../crucible-shmem	false	-
crucible-device	dependencies	-	crucible-sim	../crucible-sim	false	-
crucible-device	dependencies	-	serde	-	false	-
crucible-device	dependencies	-	thiserror	-	false	-
crucible-guest	dependencies	-	crucible-protocol	../crucible-protocol	false	-
crucible-guest	dependencies	-	libc	-	false	-
crucible-guest	dependencies	-	thiserror	-	false	-
crucible-guest	dev-dependencies	-	crucible-campaign	../crucible-campaign	false	-
crucible-harness	dev-dependencies	-	rustix	-	false	-
crucible-harness	dev-dependencies	-	serde	-	false	-
crucible-harness	dev-dependencies	-	serde_json	-	false	-
crucible-harness	dev-dependencies	-	sha2	-	false	-
crucible-harness	dev-dependencies	-	tempfile	-	false	-
crucible-harness	dev-dependencies	-	toml	-	false	-
crucible-linux-resource	dependencies	-	libc	-	false	-
crucible-linux-resource	dependencies	-	rustix	-	false	-
crucible-linux-resource	dependencies	-	thiserror	-	false	-
crucible-protocol	dependencies	-	blake3	-	false	-
crucible-protocol	dependencies	-	libc	-	false	-
crucible-protocol	dependencies	-	sha2	-	false	-
crucible-protocol	dependencies	-	thiserror	-	false	-
crucible-protocol	dependencies	-	unicode-normalization	-	false	-
crucible-qemu-plugin	dependencies	-	blake3	-	false	-
crucible-qemu-plugin	dependencies	-	crucible-protocol	../crucible-protocol	false	-
crucible-qemu-plugin	dependencies	-	crucible-shmem	../crucible-shmem	false	-
crucible-qemu-plugin	dependencies	-	hex	-	false	-
crucible-qemu-plugin	dependencies	-	libc	-	false	-
crucible-qemu-plugin	dependencies	-	serde_json	-	false	-
crucible-qemu-plugin	dependencies	-	sha2	-	false	-
crucible-qemu-plugin	dependencies	-	thiserror	-	false	-
crucible-qemu-plugin	dev-dependencies	-	crucible	../crucible	false	test-double,test-support
crucible-qemu-plugin	dev-dependencies	-	sha2	-	false	-
crucible-qemu	dependencies	-	blake3	-	false	-
crucible-qemu	dependencies	-	ciborium	-	false	-
crucible-qemu	dependencies	-	crucible	../crucible	false	-
crucible-qemu	dependencies	-	crucible-device	../crucible-device	false	-
crucible-qemu	dependencies	-	crucible-linux-resource	../crucible-linux-resource	false	-
crucible-qemu	dependencies	-	crucible-protocol	../crucible-protocol	false	-
crucible-qemu	dependencies	-	crucible-shmem	../crucible-shmem	false	-
crucible-qemu	dependencies	-	libc	-	false	-
crucible-qemu	dependencies	-	rustix	-	false	net,param,process
crucible-qemu	dependencies	-	serde	-	false	-
crucible-qemu	dependencies	-	serde_json	-	false	-
crucible-qemu	dependencies	-	sha2	-	false	-
crucible-qemu	dependencies	-	tempfile	-	false	-
crucible-qemu	dependencies	-	thiserror	-	false	-
crucible-qemu	dependencies	-	tracing	-	false	-
crucible-qemu	dev-dependencies	-	crucible	../crucible	false	test-double
crucible-qemu	dev-dependencies	-	rustix	-	false	time
crucible-s3-store	dependencies	-	aws-sdk-s3	-	false	-
crucible-s3-store	dependencies	-	crucible-cas	-	false	-
crucible-s3-store	dependencies	-	thiserror	-	false	-
crucible-s3-store	dependencies	-	tokio	-	false	-
crucible-s3-store	dev-dependencies	-	aws-config	-	false	-
crucible-s3-store	dev-dependencies	-	crucible-cas	-	false	test-support
crucible-session	dependencies	-	crucible	../crucible	false	-
crucible-session	dependencies	-	crucible-protocol	../crucible-protocol	false	-
crucible-session	dependencies	-	thiserror	-	false	-
crucible-session	dependencies	-	tokio	-	false	-
crucible-session	dev-dependencies	-	crucible	../crucible	false	test-double,test-support
crucible-shmem	dependencies	-	blake3	-	false	-
crucible-shmem	dependencies	-	crucible-protocol	../crucible-protocol	false	-
crucible-shmem	dependencies	-	libc	-	false	-
crucible-shmem	dependencies	-	serde	-	false	-
crucible-shmem	dependencies	-	serde_json	-	false	-
crucible-shmem	dependencies	-	sha2	-	false	-
crucible-shmem	dependencies	-	thiserror	-	false	-
crucible-sim	dependencies	-	thiserror	-	false	-
crucible	dependencies	-	blake3	-	false	-
crucible	dependencies	-	ciborium	-	false	-
crucible	dependencies	-	crucible-campaign	-	false	-
crucible	dependencies	-	crucible-cas	-	false	-
crucible	dependencies	-	crucible-device	../crucible-device	false	-
crucible	dependencies	-	crucible-protocol	../crucible-protocol	false	-
crucible	dependencies	-	crucible-shmem	../crucible-shmem	true	-
crucible	dependencies	-	crucible-sim	../crucible-sim	false	-
crucible	dependencies	-	regex	-	false	-
crucible	dependencies	-	serde	-	false	-
crucible	dependencies	-	serde_json	-	false	-
crucible	dependencies	-	thiserror	-	false	-
crucible	dependencies	-	toml	-	false	-
crucible	dependencies	-	tracing	-	false	-
crucible	dev-dependencies	-	crucible-harness	../crucible-harness	false	-
crucible	dev-dependencies	-	crucible-shmem	../crucible-shmem	false	-
