requirement	chapter	line	phases	tasks	suites	status
CN-MODEL-1	00-conventions-and-model.md	33	P1,P2,P3	T-CN-03,T-CN-06,T-CN-07,T-CN-08,T-CN-09,T-CN-10,T-CN-11,T-CN-12,T-CN-13,T-CN-14	B,E,S	planned
CN-MODEL-2	00-conventions-and-model.md	37	P1,P2,P3	T-CN-03,T-CN-06,T-CN-07,T-CN-08,T-CN-09,T-CN-10,T-CN-11,T-CN-12,T-CN-13,T-CN-14	B,E,S	planned
CN-MODEL-3	00-conventions-and-model.md	89	P1,P2,P3	T-CN-03,T-CN-06,T-CN-07,T-CN-08,T-CN-09,T-CN-10,T-CN-11,T-CN-12,T-CN-13,T-CN-14	B,E,S	planned
CN-MODEL-4	00-conventions-and-model.md	93	P1,P2,P3	T-CN-03,T-CN-06,T-CN-07,T-CN-08,T-CN-09,T-CN-10,T-CN-11,T-CN-12,T-CN-13,T-CN-14	B,E,S	planned
CN-MODEL-5	00-conventions-and-model.md	103	P1,P2,P3	T-CN-03,T-CN-06,T-CN-07,T-CN-08,T-CN-09,T-CN-10,T-CN-11,T-CN-12,T-CN-13,T-CN-14	B,E,S	planned
CN-MODEL-6	00-conventions-and-model.md	107	P1,P2,P3	T-CN-03,T-CN-06,T-CN-07,T-CN-08,T-CN-09,T-CN-10,T-CN-11,T-CN-12,T-CN-13,T-CN-14	B,E,S	planned
CN-MODEL-7	00-conventions-and-model.md	123	P1,P2,P3	T-CN-03,T-CN-06,T-CN-07,T-CN-08,T-CN-09,T-CN-10,T-CN-11,T-CN-12,T-CN-13,T-CN-14	B,E,S	planned
CN-MODEL-8	00-conventions-and-model.md	127	P1,P2,P3	T-CN-03,T-CN-06,T-CN-07,T-CN-08,T-CN-09,T-CN-10,T-CN-11,T-CN-12,T-CN-13,T-CN-14	B,E,S	planned
CN-MODEL-9	00-conventions-and-model.md	132	P1,P2,P3	T-CN-03,T-CN-06,T-CN-07,T-CN-08,T-CN-09,T-CN-10,T-CN-11,T-CN-12,T-CN-13,T-CN-14	B,E,S	planned
CN-MODEL-10	00-conventions-and-model.md	136	P1,P2,P3	T-CN-03,T-CN-06,T-CN-07,T-CN-08,T-CN-09,T-CN-10,T-CN-11,T-CN-12,T-CN-13,T-CN-14	B,E,S	planned
CN-MODEL-11	00-conventions-and-model.md	151	P1,P2,P3	T-CN-03,T-CN-06,T-CN-07,T-CN-08,T-CN-09,T-CN-10,T-CN-11,T-CN-12,T-CN-13,T-CN-14	B,E,S	planned
CN-MODEL-12	00-conventions-and-model.md	156	P1,P2,P3	T-CN-03,T-CN-06,T-CN-07,T-CN-08,T-CN-09,T-CN-10,T-CN-11,T-CN-12,T-CN-13,T-CN-14	B,E,S	planned
CN-MODEL-13	00-conventions-and-model.md	160	P1,P2,P3	T-CN-03,T-CN-06,T-CN-07,T-CN-08,T-CN-09,T-CN-10,T-CN-11,T-CN-12,T-CN-13,T-CN-14	B,E,S	planned
CN-MODEL-14	00-conventions-and-model.md	164	P1,P2,P3	T-CN-03,T-CN-06,T-CN-07,T-CN-08,T-CN-09,T-CN-10,T-CN-11,T-CN-12,T-CN-13,T-CN-14	B,E,S	planned
CN-MODEL-15	00-conventions-and-model.md	168	P1,P2,P3	T-CN-03,T-CN-06,T-CN-07,T-CN-08,T-CN-09,T-CN-10,T-CN-11,T-CN-12,T-CN-13,T-CN-14	B,E,S	planned
CN-MODEL-16	00-conventions-and-model.md	185	P1,P2,P3	T-CN-03,T-CN-06,T-CN-07,T-CN-08,T-CN-09,T-CN-10,T-CN-11,T-CN-12,T-CN-13,T-CN-14	B,E,S	planned
CN-MODEL-17	00-conventions-and-model.md	189	P1,P2,P3	T-CN-03,T-CN-06,T-CN-07,T-CN-08,T-CN-09,T-CN-10,T-CN-11,T-CN-12,T-CN-13,T-CN-14	B,E,S	planned
CN-MODEL-18	00-conventions-and-model.md	193	P1,P2,P3	T-CN-03,T-CN-06,T-CN-07,T-CN-08,T-CN-09,T-CN-10,T-CN-11,T-CN-12,T-CN-13,T-CN-14	B,E,S	planned
CN-MODEL-19	00-conventions-and-model.md	197	P1,P2,P3	T-CN-03,T-CN-06,T-CN-07,T-CN-08,T-CN-09,T-CN-10,T-CN-11,T-CN-12,T-CN-13,T-CN-14	B,E,S	planned
CN-MODEL-20	00-conventions-and-model.md	212	P1,P2,P3	T-CN-03,T-CN-06,T-CN-07,T-CN-08,T-CN-09,T-CN-10,T-CN-11,T-CN-12,T-CN-13,T-CN-14	B,E,S	planned
CN-MODEL-21	00-conventions-and-model.md	217	P1,P2,P3	T-CN-03,T-CN-06,T-CN-07,T-CN-08,T-CN-09,T-CN-10,T-CN-11,T-CN-12,T-CN-13,T-CN-14	B,E,S	planned
CN-MODEL-22	00-conventions-and-model.md	221	P1,P2,P3	T-CN-03,T-CN-06,T-CN-07,T-CN-08,T-CN-09,T-CN-10,T-CN-11,T-CN-12,T-CN-13,T-CN-14	B,E,S	planned
CN-NODE-1	01-node-contract.md	19	P1,P3,P6,P7	T-CN-03,T-CN-04,T-CN-05,T-CN-10,T-CN-11,T-CN-12,T-CN-13,T-CN-14,T-CN-24,T-CN-29	B,E,Q,S,P,F	planned
CN-NODE-2	01-node-contract.md	23	P1,P3,P6,P7	T-CN-03,T-CN-04,T-CN-05,T-CN-10,T-CN-11,T-CN-12,T-CN-13,T-CN-14,T-CN-24,T-CN-29	B,E,Q,S,P,F	planned
CN-NODE-3	01-node-contract.md	34	P1,P3,P6,P7	T-CN-03,T-CN-04,T-CN-05,T-CN-10,T-CN-11,T-CN-12,T-CN-13,T-CN-14,T-CN-24,T-CN-29	B,E,Q,S,P,F	planned
CN-NODE-4	01-node-contract.md	38	P1,P3,P6,P7	T-CN-03,T-CN-04,T-CN-05,T-CN-10,T-CN-11,T-CN-12,T-CN-13,T-CN-14,T-CN-24,T-CN-29	B,E,Q,S,P,F	planned
CN-NODE-5	01-node-contract.md	42	P1,P3,P6,P7	T-CN-03,T-CN-04,T-CN-05,T-CN-10,T-CN-11,T-CN-12,T-CN-13,T-CN-14,T-CN-24,T-CN-29	B,E,Q,S,P,F	planned
CN-NODE-6	01-node-contract.md	46	P1,P3,P6,P7	T-CN-03,T-CN-04,T-CN-05,T-CN-10,T-CN-11,T-CN-12,T-CN-13,T-CN-14,T-CN-24,T-CN-29	B,E,Q,S,P,F	planned
CN-NODE-7	01-node-contract.md	121	P1,P3,P6,P7	T-CN-03,T-CN-04,T-CN-05,T-CN-10,T-CN-11,T-CN-12,T-CN-13,T-CN-14,T-CN-24,T-CN-29	B,E,Q,S,P,F	planned
CN-NODE-8	01-node-contract.md	125	P1,P3,P6,P7	T-CN-03,T-CN-04,T-CN-05,T-CN-10,T-CN-11,T-CN-12,T-CN-13,T-CN-14,T-CN-24,T-CN-29	B,E,Q,S,P,F	planned
CN-NODE-9	01-node-contract.md	129	P1,P3,P6,P7	T-CN-03,T-CN-04,T-CN-05,T-CN-10,T-CN-11,T-CN-12,T-CN-13,T-CN-14,T-CN-24,T-CN-29	B,E,Q,S,P,F	planned
CN-NODE-10	01-node-contract.md	165	P1,P3,P6,P7	T-CN-03,T-CN-04,T-CN-05,T-CN-10,T-CN-11,T-CN-12,T-CN-13,T-CN-14,T-CN-24,T-CN-29	B,E,Q,S,P,F	planned
CN-NODE-11	01-node-contract.md	169	P1,P3,P6,P7	T-CN-03,T-CN-04,T-CN-05,T-CN-10,T-CN-11,T-CN-12,T-CN-13,T-CN-14,T-CN-24,T-CN-29	B,E,Q,S,P,F	planned
CN-NODE-54	01-node-contract.md	177	P1,P3,P6,P7	T-CN-03,T-CN-04,T-CN-05,T-CN-10,T-CN-11,T-CN-12,T-CN-13,T-CN-14,T-CN-24,T-CN-29	B,E,Q,S,P,F	planned
CN-NODE-55	01-node-contract.md	182	P1,P3,P6,P7	T-CN-03,T-CN-04,T-CN-05,T-CN-10,T-CN-11,T-CN-12,T-CN-13,T-CN-14,T-CN-24,T-CN-29	B,E,Q,S,P,F	planned
CN-NODE-12	01-node-contract.md	189	P1,P3,P6,P7	T-CN-03,T-CN-04,T-CN-05,T-CN-10,T-CN-11,T-CN-12,T-CN-13,T-CN-14,T-CN-24,T-CN-29	B,E,Q,S,P,F	planned
CN-NODE-56	01-node-contract.md	193	P1,P3,P6,P7	T-CN-03,T-CN-04,T-CN-05,T-CN-10,T-CN-11,T-CN-12,T-CN-13,T-CN-14,T-CN-24,T-CN-29	B,E,Q,S,P,F	planned
CN-NODE-13	01-node-contract.md	199	P1,P3,P6,P7	T-CN-03,T-CN-04,T-CN-05,T-CN-10,T-CN-11,T-CN-12,T-CN-13,T-CN-14,T-CN-24,T-CN-29	B,E,Q,S,P,F	planned
CN-NODE-14	01-node-contract.md	204	P1,P3,P6,P7	T-CN-03,T-CN-04,T-CN-05,T-CN-10,T-CN-11,T-CN-12,T-CN-13,T-CN-14,T-CN-24,T-CN-29	B,E,Q,S,P,F	planned
CN-NODE-15	01-node-contract.md	245	P1,P3,P6,P7	T-CN-03,T-CN-04,T-CN-05,T-CN-10,T-CN-11,T-CN-12,T-CN-13,T-CN-14,T-CN-24,T-CN-29	B,E,Q,S,P,F	planned
CN-NODE-16	01-node-contract.md	249	P1,P3,P6,P7	T-CN-03,T-CN-04,T-CN-05,T-CN-10,T-CN-11,T-CN-12,T-CN-13,T-CN-14,T-CN-24,T-CN-29	B,E,Q,S,P,F	planned
CN-NODE-17	01-node-contract.md	253	P1,P3,P6,P7	T-CN-03,T-CN-04,T-CN-05,T-CN-10,T-CN-11,T-CN-12,T-CN-13,T-CN-14,T-CN-24,T-CN-29	B,E,Q,S,P,F	planned
CN-NODE-18	01-node-contract.md	257	P1,P3,P6,P7	T-CN-03,T-CN-04,T-CN-05,T-CN-10,T-CN-11,T-CN-12,T-CN-13,T-CN-14,T-CN-24,T-CN-29	B,E,Q,S,P,F	planned
CN-NODE-19	01-node-contract.md	261	P1,P3,P6,P7	T-CN-03,T-CN-04,T-CN-05,T-CN-10,T-CN-11,T-CN-12,T-CN-13,T-CN-14,T-CN-24,T-CN-29	B,E,Q,S,P,F	planned
CN-NODE-20	01-node-contract.md	265	P1,P3,P6,P7	T-CN-03,T-CN-04,T-CN-05,T-CN-10,T-CN-11,T-CN-12,T-CN-13,T-CN-14,T-CN-24,T-CN-29	B,E,Q,S,P,F	planned
CN-NODE-51	01-node-contract.md	269	P1,P3,P6,P7	T-CN-03,T-CN-04,T-CN-05,T-CN-10,T-CN-11,T-CN-12,T-CN-13,T-CN-14,T-CN-24,T-CN-29	B,E,Q,S,P,F	planned
CN-NODE-52	01-node-contract.md	273	P1,P3,P6,P7	T-CN-03,T-CN-04,T-CN-05,T-CN-10,T-CN-11,T-CN-12,T-CN-13,T-CN-14,T-CN-24,T-CN-29	B,E,Q,S,P,F	planned
CN-NODE-53	01-node-contract.md	277	P1,P3,P6,P7	T-CN-03,T-CN-04,T-CN-05,T-CN-10,T-CN-11,T-CN-12,T-CN-13,T-CN-14,T-CN-24,T-CN-29	B,E,Q,S,P,F	planned
CN-NODE-21	01-node-contract.md	299	P1,P3,P6,P7	T-CN-03,T-CN-04,T-CN-05,T-CN-10,T-CN-11,T-CN-12,T-CN-13,T-CN-14,T-CN-24,T-CN-29	B,E,Q,S,P,F	planned
CN-NODE-22	01-node-contract.md	304	P1,P3,P6,P7	T-CN-03,T-CN-04,T-CN-05,T-CN-10,T-CN-11,T-CN-12,T-CN-13,T-CN-14,T-CN-24,T-CN-29	B,E,Q,S,P,F	planned
CN-NODE-23	01-node-contract.md	309	P1,P3,P6,P7	T-CN-03,T-CN-04,T-CN-05,T-CN-10,T-CN-11,T-CN-12,T-CN-13,T-CN-14,T-CN-24,T-CN-29	B,E,Q,S,P,F	planned
CN-NODE-24	01-node-contract.md	313	P1,P3,P6,P7	T-CN-03,T-CN-04,T-CN-05,T-CN-10,T-CN-11,T-CN-12,T-CN-13,T-CN-14,T-CN-24,T-CN-29	B,E,Q,S,P,F	planned
CN-NODE-25	01-node-contract.md	317	P1,P3,P6,P7	T-CN-03,T-CN-04,T-CN-05,T-CN-10,T-CN-11,T-CN-12,T-CN-13,T-CN-14,T-CN-24,T-CN-29	B,E,Q,S,P,F	planned
CN-NODE-26	01-node-contract.md	322	P1,P3,P6,P7	T-CN-03,T-CN-04,T-CN-05,T-CN-10,T-CN-11,T-CN-12,T-CN-13,T-CN-14,T-CN-24,T-CN-29	B,E,Q,S,P,F	planned
CN-NODE-27	01-node-contract.md	327	P1,P3,P6,P7	T-CN-03,T-CN-04,T-CN-05,T-CN-10,T-CN-11,T-CN-12,T-CN-13,T-CN-14,T-CN-24,T-CN-29	B,E,Q,S,P,F	planned
CN-NODE-28	01-node-contract.md	332	P1,P3,P6,P7	T-CN-03,T-CN-04,T-CN-05,T-CN-10,T-CN-11,T-CN-12,T-CN-13,T-CN-14,T-CN-24,T-CN-29	B,E,Q,S,P,F	planned
CN-NODE-29	01-node-contract.md	343	P1,P3,P6,P7	T-CN-03,T-CN-04,T-CN-05,T-CN-10,T-CN-11,T-CN-12,T-CN-13,T-CN-14,T-CN-24,T-CN-29	B,E,Q,S,P,F	planned
CN-NODE-30	01-node-contract.md	348	P1,P3,P6,P7	T-CN-03,T-CN-04,T-CN-05,T-CN-10,T-CN-11,T-CN-12,T-CN-13,T-CN-14,T-CN-24,T-CN-29	B,E,Q,S,P,F	planned
CN-NODE-31	01-node-contract.md	353	P1,P3,P6,P7	T-CN-03,T-CN-04,T-CN-05,T-CN-10,T-CN-11,T-CN-12,T-CN-13,T-CN-14,T-CN-24,T-CN-29	B,E,Q,S,P,F	planned
CN-NODE-32	01-node-contract.md	357	P1,P3,P6,P7	T-CN-03,T-CN-04,T-CN-05,T-CN-10,T-CN-11,T-CN-12,T-CN-13,T-CN-14,T-CN-24,T-CN-29	B,E,Q,S,P,F	planned
CN-NODE-33	01-node-contract.md	362	P1,P3,P6,P7	T-CN-03,T-CN-04,T-CN-05,T-CN-10,T-CN-11,T-CN-12,T-CN-13,T-CN-14,T-CN-24,T-CN-29	B,E,Q,S,P,F	planned
CN-NODE-34	01-node-contract.md	366	P1,P3,P6,P7	T-CN-03,T-CN-04,T-CN-05,T-CN-10,T-CN-11,T-CN-12,T-CN-13,T-CN-14,T-CN-24,T-CN-29	B,E,Q,S,P,F	planned
CN-NODE-35	01-node-contract.md	371	P1,P3,P6,P7	T-CN-03,T-CN-04,T-CN-05,T-CN-10,T-CN-11,T-CN-12,T-CN-13,T-CN-14,T-CN-24,T-CN-29	B,E,Q,S,P,F	planned
CN-NODE-36	01-node-contract.md	409	P1,P3,P6,P7	T-CN-03,T-CN-04,T-CN-05,T-CN-10,T-CN-11,T-CN-12,T-CN-13,T-CN-14,T-CN-24,T-CN-29	B,E,Q,S,P,F	planned
CN-NODE-37	01-node-contract.md	414	P1,P3,P6,P7	T-CN-03,T-CN-04,T-CN-05,T-CN-10,T-CN-11,T-CN-12,T-CN-13,T-CN-14,T-CN-24,T-CN-29	B,E,Q,S,P,F	planned
CN-NODE-38	01-node-contract.md	419	P1,P3,P6,P7	T-CN-03,T-CN-04,T-CN-05,T-CN-10,T-CN-11,T-CN-12,T-CN-13,T-CN-14,T-CN-24,T-CN-29	B,E,Q,S,P,F	planned
CN-NODE-39	01-node-contract.md	423	P1,P3,P6,P7	T-CN-03,T-CN-04,T-CN-05,T-CN-10,T-CN-11,T-CN-12,T-CN-13,T-CN-14,T-CN-24,T-CN-29	B,E,Q,S,P,F	planned
CN-NODE-40	01-node-contract.md	432	P1,P3,P6,P7	T-CN-03,T-CN-04,T-CN-05,T-CN-10,T-CN-11,T-CN-12,T-CN-13,T-CN-14,T-CN-24,T-CN-29	B,E,Q,S,P,F	planned
CN-NODE-41	01-node-contract.md	436	P1,P3,P6,P7	T-CN-03,T-CN-04,T-CN-05,T-CN-10,T-CN-11,T-CN-12,T-CN-13,T-CN-14,T-CN-24,T-CN-29	B,E,Q,S,P,F	planned
CN-NODE-42	01-node-contract.md	440	P1,P3,P6,P7	T-CN-03,T-CN-04,T-CN-05,T-CN-10,T-CN-11,T-CN-12,T-CN-13,T-CN-14,T-CN-24,T-CN-29	B,E,Q,S,P,F	planned
CN-NODE-43	01-node-contract.md	445	P1,P3,P6,P7	T-CN-03,T-CN-04,T-CN-05,T-CN-10,T-CN-11,T-CN-12,T-CN-13,T-CN-14,T-CN-24,T-CN-29	B,E,Q,S,P,F	planned
CN-NODE-44	01-node-contract.md	449	P1,P3,P6,P7	T-CN-03,T-CN-04,T-CN-05,T-CN-10,T-CN-11,T-CN-12,T-CN-13,T-CN-14,T-CN-24,T-CN-29	B,E,Q,S,P,F	planned
CN-NODE-45	01-node-contract.md	460	P1,P3,P6,P7	T-CN-03,T-CN-04,T-CN-05,T-CN-10,T-CN-11,T-CN-12,T-CN-13,T-CN-14,T-CN-24,T-CN-29	B,E,Q,S,P,F	planned
CN-NODE-46	01-node-contract.md	464	P1,P3,P6,P7	T-CN-03,T-CN-04,T-CN-05,T-CN-10,T-CN-11,T-CN-12,T-CN-13,T-CN-14,T-CN-24,T-CN-29	B,E,Q,S,P,F	planned
CN-NODE-47	01-node-contract.md	469	P1,P3,P6,P7	T-CN-03,T-CN-04,T-CN-05,T-CN-10,T-CN-11,T-CN-12,T-CN-13,T-CN-14,T-CN-24,T-CN-29	B,E,Q,S,P,F	planned
CN-NODE-48	01-node-contract.md	473	P1,P3,P6,P7	T-CN-03,T-CN-04,T-CN-05,T-CN-10,T-CN-11,T-CN-12,T-CN-13,T-CN-14,T-CN-24,T-CN-29	B,E,Q,S,P,F	planned
CN-NODE-49	01-node-contract.md	477	P1,P3,P6,P7	T-CN-03,T-CN-04,T-CN-05,T-CN-10,T-CN-11,T-CN-12,T-CN-13,T-CN-14,T-CN-24,T-CN-29	B,E,Q,S,P,F	planned
CN-NODE-50	01-node-contract.md	482	P1,P3,P6,P7	T-CN-03,T-CN-04,T-CN-05,T-CN-10,T-CN-11,T-CN-12,T-CN-13,T-CN-14,T-CN-24,T-CN-29	B,E,Q,S,P,F	planned
CN-PORT-1	02-ports-capabilities-and-admission.md	33	P2,P3,P5,P6	T-CN-08,T-CN-11,T-CN-12,T-CN-13,T-CN-20,T-CN-26	B,E,Q,S,F	planned
CN-PORT-2	02-ports-capabilities-and-admission.md	44	P2,P3,P5,P6	T-CN-08,T-CN-11,T-CN-12,T-CN-13,T-CN-20,T-CN-26	B,E,Q,S,F	planned
CN-PORT-3	02-ports-capabilities-and-admission.md	83	P2,P3,P5,P6	T-CN-08,T-CN-11,T-CN-12,T-CN-13,T-CN-20,T-CN-26	B,E,Q,S,F	planned
CN-PORT-4	02-ports-capabilities-and-admission.md	90	P2,P3,P5,P6	T-CN-08,T-CN-11,T-CN-12,T-CN-13,T-CN-20,T-CN-26	B,E,Q,S,F	planned
CN-PORT-5	02-ports-capabilities-and-admission.md	96	P2,P3,P5,P6	T-CN-08,T-CN-11,T-CN-12,T-CN-13,T-CN-20,T-CN-26	B,E,Q,S,F	planned
CN-PORT-6	02-ports-capabilities-and-admission.md	109	P2,P3,P5,P6	T-CN-08,T-CN-11,T-CN-12,T-CN-13,T-CN-20,T-CN-26	B,E,Q,S,F	planned
CN-PORT-7	02-ports-capabilities-and-admission.md	117	P2,P3,P5,P6	T-CN-08,T-CN-11,T-CN-12,T-CN-13,T-CN-20,T-CN-26	B,E,Q,S,F	planned
CN-PORT-8	02-ports-capabilities-and-admission.md	123	P2,P3,P5,P6	T-CN-08,T-CN-11,T-CN-12,T-CN-13,T-CN-20,T-CN-26	B,E,Q,S,F	planned
CN-PORT-9	02-ports-capabilities-and-admission.md	129	P2,P3,P5,P6	T-CN-08,T-CN-11,T-CN-12,T-CN-13,T-CN-20,T-CN-26	B,E,Q,S,F	planned
CN-PORT-10	02-ports-capabilities-and-admission.md	136	P2,P3,P5,P6	T-CN-08,T-CN-11,T-CN-12,T-CN-13,T-CN-20,T-CN-26	B,E,Q,S,F	planned
CN-PORT-11	02-ports-capabilities-and-admission.md	149	P2,P3,P5,P6	T-CN-08,T-CN-11,T-CN-12,T-CN-13,T-CN-20,T-CN-26	B,E,Q,S,F	planned
CN-PORT-12	02-ports-capabilities-and-admission.md	156	P2,P3,P5,P6	T-CN-08,T-CN-11,T-CN-12,T-CN-13,T-CN-20,T-CN-26	B,E,Q,S,F	planned
CN-PORT-13	02-ports-capabilities-and-admission.md	162	P2,P3,P5,P6	T-CN-08,T-CN-11,T-CN-12,T-CN-13,T-CN-20,T-CN-26	B,E,Q,S,F	planned
CN-PORT-14	02-ports-capabilities-and-admission.md	168	P2,P3,P5,P6	T-CN-08,T-CN-11,T-CN-12,T-CN-13,T-CN-20,T-CN-26	B,E,Q,S,F	planned
CN-PORT-15	02-ports-capabilities-and-admission.md	175	P2,P3,P5,P6	T-CN-08,T-CN-11,T-CN-12,T-CN-13,T-CN-20,T-CN-26	B,E,Q,S,F	planned
CN-PORT-16	02-ports-capabilities-and-admission.md	183	P2,P3,P5,P6	T-CN-08,T-CN-11,T-CN-12,T-CN-13,T-CN-20,T-CN-26	B,E,Q,S,F	planned
CN-PORT-17	02-ports-capabilities-and-admission.md	191	P2,P3,P5,P6	T-CN-08,T-CN-11,T-CN-12,T-CN-13,T-CN-20,T-CN-26	B,E,Q,S,F	planned
CN-PORT-18	02-ports-capabilities-and-admission.md	198	P2,P3,P5,P6	T-CN-08,T-CN-11,T-CN-12,T-CN-13,T-CN-20,T-CN-26	B,E,Q,S,F	planned
CN-PORT-19	02-ports-capabilities-and-admission.md	205	P2,P3,P5,P6	T-CN-08,T-CN-11,T-CN-12,T-CN-13,T-CN-20,T-CN-26	B,E,Q,S,F	planned
CN-PORT-20	02-ports-capabilities-and-admission.md	225	P2,P3,P5,P6	T-CN-08,T-CN-11,T-CN-12,T-CN-13,T-CN-20,T-CN-26	B,E,Q,S,F	planned
CN-PORT-21	02-ports-capabilities-and-admission.md	233	P2,P3,P5,P6	T-CN-08,T-CN-11,T-CN-12,T-CN-13,T-CN-20,T-CN-26	B,E,Q,S,F	planned
CN-CAP-1	02-ports-capabilities-and-admission.md	266	P2,P5,P6,P7	T-CN-06,T-CN-07,T-CN-08,T-CN-21,T-CN-27,T-CN-31	B,R,S,F	planned
CN-CAP-2	02-ports-capabilities-and-admission.md	273	P2,P5,P6,P7	T-CN-06,T-CN-07,T-CN-08,T-CN-21,T-CN-27,T-CN-31	B,R,S,F	planned
CN-CAP-3	02-ports-capabilities-and-admission.md	279	P2,P5,P6,P7	T-CN-06,T-CN-07,T-CN-08,T-CN-21,T-CN-27,T-CN-31	B,R,S,F	planned
CN-CAP-4	02-ports-capabilities-and-admission.md	300	P2,P5,P6,P7	T-CN-06,T-CN-07,T-CN-08,T-CN-21,T-CN-27,T-CN-31	B,R,S,F	planned
CN-CAP-5	02-ports-capabilities-and-admission.md	306	P2,P5,P6,P7	T-CN-06,T-CN-07,T-CN-08,T-CN-21,T-CN-27,T-CN-31	B,R,S,F	planned
CN-CAP-6	02-ports-capabilities-and-admission.md	313	P2,P5,P6,P7	T-CN-06,T-CN-07,T-CN-08,T-CN-21,T-CN-27,T-CN-31	B,R,S,F	planned
CN-CAP-7	02-ports-capabilities-and-admission.md	320	P2,P5,P6,P7	T-CN-06,T-CN-07,T-CN-08,T-CN-21,T-CN-27,T-CN-31	B,R,S,F	planned
CN-CAP-8	02-ports-capabilities-and-admission.md	328	P2,P5,P6,P7	T-CN-06,T-CN-07,T-CN-08,T-CN-21,T-CN-27,T-CN-31	B,R,S,F	planned
CN-CAP-9	02-ports-capabilities-and-admission.md	334	P2,P5,P6,P7	T-CN-06,T-CN-07,T-CN-08,T-CN-21,T-CN-27,T-CN-31	B,R,S,F	planned
CN-CAP-10	02-ports-capabilities-and-admission.md	340	P2,P5,P6,P7	T-CN-06,T-CN-07,T-CN-08,T-CN-21,T-CN-27,T-CN-31	B,R,S,F	planned
CN-CAP-11	02-ports-capabilities-and-admission.md	346	P2,P5,P6,P7	T-CN-06,T-CN-07,T-CN-08,T-CN-21,T-CN-27,T-CN-31	B,R,S,F	planned
CN-CAP-12	02-ports-capabilities-and-admission.md	369	P2,P5,P6,P7	T-CN-06,T-CN-07,T-CN-08,T-CN-21,T-CN-27,T-CN-31	B,R,S,F	planned
CN-CAP-13	02-ports-capabilities-and-admission.md	374	P2,P5,P6,P7	T-CN-06,T-CN-07,T-CN-08,T-CN-21,T-CN-27,T-CN-31	B,R,S,F	planned
CN-CAP-14	02-ports-capabilities-and-admission.md	405	P2,P5,P6,P7	T-CN-06,T-CN-07,T-CN-08,T-CN-21,T-CN-27,T-CN-31	B,R,S,F	planned
CN-CAP-15	02-ports-capabilities-and-admission.md	432	P2,P5,P6,P7	T-CN-06,T-CN-07,T-CN-08,T-CN-21,T-CN-27,T-CN-31	B,R,S,F	planned
CN-CAP-16	02-ports-capabilities-and-admission.md	438	P2,P5,P6,P7	T-CN-06,T-CN-07,T-CN-08,T-CN-21,T-CN-27,T-CN-31	B,R,S,F	planned
CN-CAP-17	02-ports-capabilities-and-admission.md	444	P2,P5,P6,P7	T-CN-06,T-CN-07,T-CN-08,T-CN-21,T-CN-27,T-CN-31	B,R,S,F	planned
CN-CAP-18	02-ports-capabilities-and-admission.md	450	P2,P5,P6,P7	T-CN-06,T-CN-07,T-CN-08,T-CN-21,T-CN-27,T-CN-31	B,R,S,F	planned
CN-CAP-19	02-ports-capabilities-and-admission.md	457	P2,P5,P6,P7	T-CN-06,T-CN-07,T-CN-08,T-CN-21,T-CN-27,T-CN-31	B,R,S,F	planned
CN-CAP-20	02-ports-capabilities-and-admission.md	463	P2,P5,P6,P7	T-CN-06,T-CN-07,T-CN-08,T-CN-21,T-CN-27,T-CN-31	B,R,S,F	planned
CN-CAP-21	02-ports-capabilities-and-admission.md	469	P2,P5,P6,P7	T-CN-06,T-CN-07,T-CN-08,T-CN-21,T-CN-27,T-CN-31	B,R,S,F	planned
CN-CAP-22	02-ports-capabilities-and-admission.md	478	P2,P5,P6,P7	T-CN-06,T-CN-07,T-CN-08,T-CN-21,T-CN-27,T-CN-31	B,R,S,F	planned
CN-CAP-23	02-ports-capabilities-and-admission.md	484	P2,P5,P6,P7	T-CN-06,T-CN-07,T-CN-08,T-CN-21,T-CN-27,T-CN-31	B,R,S,F	planned
CN-CAP-24	02-ports-capabilities-and-admission.md	490	P2,P5,P6,P7	T-CN-06,T-CN-07,T-CN-08,T-CN-21,T-CN-27,T-CN-31	B,R,S,F	planned
CN-CAP-25	02-ports-capabilities-and-admission.md	523	P2,P5,P6,P7	T-CN-06,T-CN-07,T-CN-08,T-CN-21,T-CN-27,T-CN-31	B,R,S,F	planned
CN-CAP-26	02-ports-capabilities-and-admission.md	530	P2,P5,P6,P7	T-CN-06,T-CN-07,T-CN-08,T-CN-21,T-CN-27,T-CN-31	B,R,S,F	planned
CN-TIME-1	03-time-and-scheduling.md	24	P2,P3,P4,P5,P6	T-CN-09,T-CN-10,T-CN-11,T-CN-12,T-CN-13,T-CN-14,T-CN-16,T-CN-22,T-CN-26	E,Q,S	planned
CN-TIME-2	03-time-and-scheduling.md	36	P2,P3,P4,P5,P6	T-CN-09,T-CN-10,T-CN-11,T-CN-12,T-CN-13,T-CN-14,T-CN-16,T-CN-22,T-CN-26	E,Q,S	planned
CN-TIME-3	03-time-and-scheduling.md	50	P2,P3,P4,P5,P6	T-CN-09,T-CN-10,T-CN-11,T-CN-12,T-CN-13,T-CN-14,T-CN-16,T-CN-22,T-CN-26	E,Q,S	planned
CN-TIME-4	03-time-and-scheduling.md	63	P2,P3,P4,P5,P6	T-CN-09,T-CN-10,T-CN-11,T-CN-12,T-CN-13,T-CN-14,T-CN-16,T-CN-22,T-CN-26	E,Q,S	planned
CN-TIME-5	03-time-and-scheduling.md	81	P2,P3,P4,P5,P6	T-CN-09,T-CN-10,T-CN-11,T-CN-12,T-CN-13,T-CN-14,T-CN-16,T-CN-22,T-CN-26	E,Q,S	planned
CN-TIME-6	03-time-and-scheduling.md	94	P2,P3,P4,P5,P6	T-CN-09,T-CN-10,T-CN-11,T-CN-12,T-CN-13,T-CN-14,T-CN-16,T-CN-22,T-CN-26	E,Q,S	planned
CN-TIME-7	03-time-and-scheduling.md	106	P2,P3,P4,P5,P6	T-CN-09,T-CN-10,T-CN-11,T-CN-12,T-CN-13,T-CN-14,T-CN-16,T-CN-22,T-CN-26	E,Q,S	planned
CN-TIME-8	03-time-and-scheduling.md	131	P2,P3,P4,P5,P6	T-CN-09,T-CN-10,T-CN-11,T-CN-12,T-CN-13,T-CN-14,T-CN-16,T-CN-22,T-CN-26	E,Q,S	planned
CN-TIME-9	03-time-and-scheduling.md	145	P2,P3,P4,P5,P6	T-CN-09,T-CN-10,T-CN-11,T-CN-12,T-CN-13,T-CN-14,T-CN-16,T-CN-22,T-CN-26	E,Q,S	planned
CN-TIME-27	03-time-and-scheduling.md	157	P2,P3,P4,P5,P6	T-CN-09,T-CN-10,T-CN-11,T-CN-12,T-CN-13,T-CN-14,T-CN-16,T-CN-22,T-CN-26	E,Q,S	planned
CN-TIME-10	03-time-and-scheduling.md	170	P2,P3,P4,P5,P6	T-CN-09,T-CN-10,T-CN-11,T-CN-12,T-CN-13,T-CN-14,T-CN-16,T-CN-22,T-CN-26	E,Q,S	planned
CN-TIME-11	03-time-and-scheduling.md	181	P2,P3,P4,P5,P6	T-CN-09,T-CN-10,T-CN-11,T-CN-12,T-CN-13,T-CN-14,T-CN-16,T-CN-22,T-CN-26	E,Q,S	planned
CN-TIME-12	03-time-and-scheduling.md	200	P2,P3,P4,P5,P6	T-CN-09,T-CN-10,T-CN-11,T-CN-12,T-CN-13,T-CN-14,T-CN-16,T-CN-22,T-CN-26	E,Q,S	planned
CN-TIME-13	03-time-and-scheduling.md	206	P2,P3,P4,P5,P6	T-CN-09,T-CN-10,T-CN-11,T-CN-12,T-CN-13,T-CN-14,T-CN-16,T-CN-22,T-CN-26	E,Q,S	planned
CN-TIME-14	03-time-and-scheduling.md	218	P2,P3,P4,P5,P6	T-CN-09,T-CN-10,T-CN-11,T-CN-12,T-CN-13,T-CN-14,T-CN-16,T-CN-22,T-CN-26	E,Q,S	planned
CN-TIME-15	03-time-and-scheduling.md	229	P2,P3,P4,P5,P6	T-CN-09,T-CN-10,T-CN-11,T-CN-12,T-CN-13,T-CN-14,T-CN-16,T-CN-22,T-CN-26	E,Q,S	planned
CN-TIME-16	03-time-and-scheduling.md	236	P2,P3,P4,P5,P6	T-CN-09,T-CN-10,T-CN-11,T-CN-12,T-CN-13,T-CN-14,T-CN-16,T-CN-22,T-CN-26	E,Q,S	planned
CN-TIME-17	03-time-and-scheduling.md	291	P2,P3,P4,P5,P6	T-CN-09,T-CN-10,T-CN-11,T-CN-12,T-CN-13,T-CN-14,T-CN-16,T-CN-22,T-CN-26	E,Q,S	planned
CN-TIME-35	03-time-and-scheduling.md	300	P2,P3,P4,P5,P6	T-CN-09,T-CN-10,T-CN-11,T-CN-12,T-CN-13,T-CN-14,T-CN-16,T-CN-22,T-CN-26	E,Q,S	planned
CN-TIME-18	03-time-and-scheduling.md	317	P2,P3,P4,P5,P6	T-CN-09,T-CN-10,T-CN-11,T-CN-12,T-CN-13,T-CN-14,T-CN-16,T-CN-22,T-CN-26	E,Q,S	planned
CN-TIME-19	03-time-and-scheduling.md	342	P2,P3,P4,P5,P6	T-CN-09,T-CN-10,T-CN-11,T-CN-12,T-CN-13,T-CN-14,T-CN-16,T-CN-22,T-CN-26	E,Q,S	planned
CN-TIME-28	03-time-and-scheduling.md	350	P2,P3,P4,P5,P6	T-CN-09,T-CN-10,T-CN-11,T-CN-12,T-CN-13,T-CN-14,T-CN-16,T-CN-22,T-CN-26	E,Q,S	planned
CN-TIME-32	03-time-and-scheduling.md	358	P2,P3,P4,P5,P6	T-CN-09,T-CN-10,T-CN-11,T-CN-12,T-CN-13,T-CN-14,T-CN-16,T-CN-22,T-CN-26	E,Q,S	planned
CN-TIME-33	03-time-and-scheduling.md	368	P2,P3,P4,P5,P6	T-CN-09,T-CN-10,T-CN-11,T-CN-12,T-CN-13,T-CN-14,T-CN-16,T-CN-22,T-CN-26	E,Q,S	planned
CN-TIME-29	03-time-and-scheduling.md	378	P2,P3,P4,P5,P6	T-CN-09,T-CN-10,T-CN-11,T-CN-12,T-CN-13,T-CN-14,T-CN-16,T-CN-22,T-CN-26	E,Q,S	planned
CN-TIME-31	03-time-and-scheduling.md	386	P2,P3,P4,P5,P6	T-CN-09,T-CN-10,T-CN-11,T-CN-12,T-CN-13,T-CN-14,T-CN-16,T-CN-22,T-CN-26	E,Q,S	planned
CN-TIME-30	03-time-and-scheduling.md	394	P2,P3,P4,P5,P6	T-CN-09,T-CN-10,T-CN-11,T-CN-12,T-CN-13,T-CN-14,T-CN-16,T-CN-22,T-CN-26	E,Q,S	planned
CN-TIME-34	03-time-and-scheduling.md	403	P2,P3,P4,P5,P6	T-CN-09,T-CN-10,T-CN-11,T-CN-12,T-CN-13,T-CN-14,T-CN-16,T-CN-22,T-CN-26	E,Q,S	planned
CN-TIME-20	03-time-and-scheduling.md	452	P2,P3,P4,P5,P6	T-CN-09,T-CN-10,T-CN-11,T-CN-12,T-CN-13,T-CN-14,T-CN-16,T-CN-22,T-CN-26	E,Q,S	planned
CN-TIME-21	03-time-and-scheduling.md	463	P2,P3,P4,P5,P6	T-CN-09,T-CN-10,T-CN-11,T-CN-12,T-CN-13,T-CN-14,T-CN-16,T-CN-22,T-CN-26	E,Q,S	planned
CN-TIME-22	03-time-and-scheduling.md	474	P2,P3,P4,P5,P6	T-CN-09,T-CN-10,T-CN-11,T-CN-12,T-CN-13,T-CN-14,T-CN-16,T-CN-22,T-CN-26	E,Q,S	planned
CN-TIME-23	03-time-and-scheduling.md	482	P2,P3,P4,P5,P6	T-CN-09,T-CN-10,T-CN-11,T-CN-12,T-CN-13,T-CN-14,T-CN-16,T-CN-22,T-CN-26	E,Q,S	planned
CN-TIME-24	03-time-and-scheduling.md	488	P2,P3,P4,P5,P6	T-CN-09,T-CN-10,T-CN-11,T-CN-12,T-CN-13,T-CN-14,T-CN-16,T-CN-22,T-CN-26	E,Q,S	planned
CN-TIME-25	03-time-and-scheduling.md	494	P2,P3,P4,P5,P6	T-CN-09,T-CN-10,T-CN-11,T-CN-12,T-CN-13,T-CN-14,T-CN-16,T-CN-22,T-CN-26	E,Q,S	planned
CN-TIME-26	03-time-and-scheduling.md	508	P2,P3,P4,P5,P6	T-CN-09,T-CN-10,T-CN-11,T-CN-12,T-CN-13,T-CN-14,T-CN-16,T-CN-22,T-CN-26	E,Q,S	planned
CN-QUANT-1	04-quantized-and-physical-nodes.md	23	P6,P7	T-CN-24,T-CN-25,T-CN-26,T-CN-27,T-CN-28,T-CN-30	Q,R,S,F	planned
CN-QUANT-2	04-quantized-and-physical-nodes.md	36	P6,P7	T-CN-24,T-CN-25,T-CN-26,T-CN-27,T-CN-28,T-CN-30	Q,R,S,F	planned
CN-QUANT-3	04-quantized-and-physical-nodes.md	50	P6,P7	T-CN-24,T-CN-25,T-CN-26,T-CN-27,T-CN-28,T-CN-30	Q,R,S,F	planned
CN-QUANT-4	04-quantized-and-physical-nodes.md	56	P6,P7	T-CN-24,T-CN-25,T-CN-26,T-CN-27,T-CN-28,T-CN-30	Q,R,S,F	planned
CN-QUANT-5	04-quantized-and-physical-nodes.md	69	P6,P7	T-CN-24,T-CN-25,T-CN-26,T-CN-27,T-CN-28,T-CN-30	Q,R,S,F	planned
CN-QUANT-6	04-quantized-and-physical-nodes.md	81	P6,P7	T-CN-24,T-CN-25,T-CN-26,T-CN-27,T-CN-28,T-CN-30	Q,R,S,F	planned
CN-QUANT-7	04-quantized-and-physical-nodes.md	129	P6,P7	T-CN-24,T-CN-25,T-CN-26,T-CN-27,T-CN-28,T-CN-30	Q,R,S,F	planned
CN-QUANT-8	04-quantized-and-physical-nodes.md	135	P6,P7	T-CN-24,T-CN-25,T-CN-26,T-CN-27,T-CN-28,T-CN-30	Q,R,S,F	planned
CN-QUANT-9	04-quantized-and-physical-nodes.md	141	P6,P7	T-CN-24,T-CN-25,T-CN-26,T-CN-27,T-CN-28,T-CN-30	Q,R,S,F	planned
CN-QUANT-10	04-quantized-and-physical-nodes.md	147	P6,P7	T-CN-24,T-CN-25,T-CN-26,T-CN-27,T-CN-28,T-CN-30	Q,R,S,F	planned
CN-QUANT-11	04-quantized-and-physical-nodes.md	153	P6,P7	T-CN-24,T-CN-25,T-CN-26,T-CN-27,T-CN-28,T-CN-30	Q,R,S,F	planned
CN-QUANT-12	04-quantized-and-physical-nodes.md	159	P6,P7	T-CN-24,T-CN-25,T-CN-26,T-CN-27,T-CN-28,T-CN-30	Q,R,S,F	planned
CN-QUANT-13	04-quantized-and-physical-nodes.md	171	P6,P7	T-CN-24,T-CN-25,T-CN-26,T-CN-27,T-CN-28,T-CN-30	Q,R,S,F	planned
CN-QUANT-14	04-quantized-and-physical-nodes.md	177	P6,P7	T-CN-24,T-CN-25,T-CN-26,T-CN-27,T-CN-28,T-CN-30	Q,R,S,F	planned
CN-QUANT-15	04-quantized-and-physical-nodes.md	183	P6,P7	T-CN-24,T-CN-25,T-CN-26,T-CN-27,T-CN-28,T-CN-30	Q,R,S,F	planned
CN-QUANT-16	04-quantized-and-physical-nodes.md	239	P6,P7	T-CN-24,T-CN-25,T-CN-26,T-CN-27,T-CN-28,T-CN-30	Q,R,S,F	planned
CN-QUANT-37	04-quantized-and-physical-nodes.md	255	P6,P7	T-CN-24,T-CN-25,T-CN-26,T-CN-27,T-CN-28,T-CN-30	Q,R,S,F	planned
CN-QUANT-38	04-quantized-and-physical-nodes.md	261	P6,P7	T-CN-24,T-CN-25,T-CN-26,T-CN-27,T-CN-28,T-CN-30	Q,R,S,F	planned
CN-QUANT-17	04-quantized-and-physical-nodes.md	292	P6,P7	T-CN-24,T-CN-25,T-CN-26,T-CN-27,T-CN-28,T-CN-30	Q,R,S,F	planned
CN-QUANT-18	04-quantized-and-physical-nodes.md	323	P6,P7	T-CN-24,T-CN-25,T-CN-26,T-CN-27,T-CN-28,T-CN-30	Q,R,S,F	planned
CN-QUANT-19	04-quantized-and-physical-nodes.md	335	P6,P7	T-CN-24,T-CN-25,T-CN-26,T-CN-27,T-CN-28,T-CN-30	Q,R,S,F	planned
CN-QUANT-20	04-quantized-and-physical-nodes.md	341	P6,P7	T-CN-24,T-CN-25,T-CN-26,T-CN-27,T-CN-28,T-CN-30	Q,R,S,F	planned
CN-QUANT-21	04-quantized-and-physical-nodes.md	347	P6,P7	T-CN-24,T-CN-25,T-CN-26,T-CN-27,T-CN-28,T-CN-30	Q,R,S,F	planned
CN-QUANT-22	04-quantized-and-physical-nodes.md	358	P6,P7	T-CN-24,T-CN-25,T-CN-26,T-CN-27,T-CN-28,T-CN-30	Q,R,S,F	planned
CN-QUANT-23	04-quantized-and-physical-nodes.md	366	P6,P7	T-CN-24,T-CN-25,T-CN-26,T-CN-27,T-CN-28,T-CN-30	Q,R,S,F	planned
CN-QUANT-24	04-quantized-and-physical-nodes.md	377	P6,P7	T-CN-24,T-CN-25,T-CN-26,T-CN-27,T-CN-28,T-CN-30	Q,R,S,F	planned
CN-QUANT-25	04-quantized-and-physical-nodes.md	384	P6,P7	T-CN-24,T-CN-25,T-CN-26,T-CN-27,T-CN-28,T-CN-30	Q,R,S,F	planned
CN-QUANT-26	04-quantized-and-physical-nodes.md	398	P6,P7	T-CN-24,T-CN-25,T-CN-26,T-CN-27,T-CN-28,T-CN-30	Q,R,S,F	planned
CN-QUANT-27	04-quantized-and-physical-nodes.md	404	P6,P7	T-CN-24,T-CN-25,T-CN-26,T-CN-27,T-CN-28,T-CN-30	Q,R,S,F	planned
CN-QUANT-28	04-quantized-and-physical-nodes.md	417	P6,P7	T-CN-24,T-CN-25,T-CN-26,T-CN-27,T-CN-28,T-CN-30	Q,R,S,F	planned
CN-QUANT-29	04-quantized-and-physical-nodes.md	424	P6,P7	T-CN-24,T-CN-25,T-CN-26,T-CN-27,T-CN-28,T-CN-30	Q,R,S,F	planned
CN-QUANT-30	04-quantized-and-physical-nodes.md	436	P6,P7	T-CN-24,T-CN-25,T-CN-26,T-CN-27,T-CN-28,T-CN-30	Q,R,S,F	planned
CN-QUANT-31	04-quantized-and-physical-nodes.md	445	P6,P7	T-CN-24,T-CN-25,T-CN-26,T-CN-27,T-CN-28,T-CN-30	Q,R,S,F	planned
CN-QUANT-32	04-quantized-and-physical-nodes.md	456	P6,P7	T-CN-24,T-CN-25,T-CN-26,T-CN-27,T-CN-28,T-CN-30	Q,R,S,F	planned
CN-QUANT-33	04-quantized-and-physical-nodes.md	461	P6,P7	T-CN-24,T-CN-25,T-CN-26,T-CN-27,T-CN-28,T-CN-30	Q,R,S,F	planned
CN-QUANT-34	04-quantized-and-physical-nodes.md	468	P6,P7	T-CN-24,T-CN-25,T-CN-26,T-CN-27,T-CN-28,T-CN-30	Q,R,S,F	planned
CN-QUANT-35	04-quantized-and-physical-nodes.md	479	P6,P7	T-CN-24,T-CN-25,T-CN-26,T-CN-27,T-CN-28,T-CN-30	Q,R,S,F	planned
CN-QUANT-36	04-quantized-and-physical-nodes.md	486	P6,P7	T-CN-24,T-CN-25,T-CN-26,T-CN-27,T-CN-28,T-CN-30	Q,R,S,F	planned
CN-STATE-1	05-state-and-replay.md	32	P2,P3,G0,P4,P6	T-CN-07,T-CN-14,T-CN-15,T-CN-16,T-CN-17,T-CN-18,T-CN-19,T-CN-27	S,P,B	planned
CN-STATE-2	05-state-and-replay.md	37	P2,P3,G0,P4,P6	T-CN-07,T-CN-14,T-CN-15,T-CN-16,T-CN-17,T-CN-18,T-CN-19,T-CN-27	S,P,B	planned
CN-STATE-3	05-state-and-replay.md	49	P2,P3,G0,P4,P6	T-CN-07,T-CN-14,T-CN-15,T-CN-16,T-CN-17,T-CN-18,T-CN-19,T-CN-27	S,P,B	planned
CN-STATE-4	05-state-and-replay.md	62	P2,P3,G0,P4,P6	T-CN-07,T-CN-14,T-CN-15,T-CN-16,T-CN-17,T-CN-18,T-CN-19,T-CN-27	S,P,B	planned
CN-STATE-5	05-state-and-replay.md	67	P2,P3,G0,P4,P6	T-CN-07,T-CN-14,T-CN-15,T-CN-16,T-CN-17,T-CN-18,T-CN-19,T-CN-27	S,P,B	planned
CN-STATE-6	05-state-and-replay.md	72	P2,P3,G0,P4,P6	T-CN-07,T-CN-14,T-CN-15,T-CN-16,T-CN-17,T-CN-18,T-CN-19,T-CN-27	S,P,B	planned
CN-STATE-7	05-state-and-replay.md	81	P2,P3,G0,P4,P6	T-CN-07,T-CN-14,T-CN-15,T-CN-16,T-CN-17,T-CN-18,T-CN-19,T-CN-27	S,P,B	planned
CN-STATE-8	05-state-and-replay.md	100	P2,P3,G0,P4,P6	T-CN-07,T-CN-14,T-CN-15,T-CN-16,T-CN-17,T-CN-18,T-CN-19,T-CN-27	S,P,B	planned
CN-STATE-9	05-state-and-replay.md	105	P2,P3,G0,P4,P6	T-CN-07,T-CN-14,T-CN-15,T-CN-16,T-CN-17,T-CN-18,T-CN-19,T-CN-27	S,P,B	planned
CN-STATE-10	05-state-and-replay.md	110	P2,P3,G0,P4,P6	T-CN-07,T-CN-14,T-CN-15,T-CN-16,T-CN-17,T-CN-18,T-CN-19,T-CN-27	S,P,B	planned
CN-STATE-11	05-state-and-replay.md	115	P2,P3,G0,P4,P6	T-CN-07,T-CN-14,T-CN-15,T-CN-16,T-CN-17,T-CN-18,T-CN-19,T-CN-27	S,P,B	planned
CN-STATE-12	05-state-and-replay.md	120	P2,P3,G0,P4,P6	T-CN-07,T-CN-14,T-CN-15,T-CN-16,T-CN-17,T-CN-18,T-CN-19,T-CN-27	S,P,B	planned
CN-STATE-13	05-state-and-replay.md	132	P2,P3,G0,P4,P6	T-CN-07,T-CN-14,T-CN-15,T-CN-16,T-CN-17,T-CN-18,T-CN-19,T-CN-27	S,P,B	planned
CN-STATE-14	05-state-and-replay.md	142	P2,P3,G0,P4,P6	T-CN-07,T-CN-14,T-CN-15,T-CN-16,T-CN-17,T-CN-18,T-CN-19,T-CN-27	S,P,B	planned
CN-STATE-15	05-state-and-replay.md	147	P2,P3,G0,P4,P6	T-CN-07,T-CN-14,T-CN-15,T-CN-16,T-CN-17,T-CN-18,T-CN-19,T-CN-27	S,P,B	planned
CN-STATE-16	05-state-and-replay.md	157	P2,P3,G0,P4,P6	T-CN-07,T-CN-14,T-CN-15,T-CN-16,T-CN-17,T-CN-18,T-CN-19,T-CN-27	S,P,B	planned
CN-STATE-17	05-state-and-replay.md	162	P2,P3,G0,P4,P6	T-CN-07,T-CN-14,T-CN-15,T-CN-16,T-CN-17,T-CN-18,T-CN-19,T-CN-27	S,P,B	planned
CN-STATE-18	05-state-and-replay.md	167	P2,P3,G0,P4,P6	T-CN-07,T-CN-14,T-CN-15,T-CN-16,T-CN-17,T-CN-18,T-CN-19,T-CN-27	S,P,B	planned
CN-STATE-19	05-state-and-replay.md	172	P2,P3,G0,P4,P6	T-CN-07,T-CN-14,T-CN-15,T-CN-16,T-CN-17,T-CN-18,T-CN-19,T-CN-27	S,P,B	planned
CN-STATE-20	05-state-and-replay.md	182	P2,P3,G0,P4,P6	T-CN-07,T-CN-14,T-CN-15,T-CN-16,T-CN-17,T-CN-18,T-CN-19,T-CN-27	S,P,B	planned
CN-STATE-21	05-state-and-replay.md	189	P2,P3,G0,P4,P6	T-CN-07,T-CN-14,T-CN-15,T-CN-16,T-CN-17,T-CN-18,T-CN-19,T-CN-27	S,P,B	planned
CN-STATE-22	05-state-and-replay.md	194	P2,P3,G0,P4,P6	T-CN-07,T-CN-14,T-CN-15,T-CN-16,T-CN-17,T-CN-18,T-CN-19,T-CN-27	S,P,B	planned
CN-STATE-23	05-state-and-replay.md	200	P2,P3,G0,P4,P6	T-CN-07,T-CN-14,T-CN-15,T-CN-16,T-CN-17,T-CN-18,T-CN-19,T-CN-27	S,P,B	planned
CN-STATE-24	05-state-and-replay.md	205	P2,P3,G0,P4,P6	T-CN-07,T-CN-14,T-CN-15,T-CN-16,T-CN-17,T-CN-18,T-CN-19,T-CN-27	S,P,B	planned
CN-STATE-25	05-state-and-replay.md	210	P2,P3,G0,P4,P6	T-CN-07,T-CN-14,T-CN-15,T-CN-16,T-CN-17,T-CN-18,T-CN-19,T-CN-27	S,P,B	planned
CN-STATE-26	05-state-and-replay.md	215	P2,P3,G0,P4,P6	T-CN-07,T-CN-14,T-CN-15,T-CN-16,T-CN-17,T-CN-18,T-CN-19,T-CN-27	S,P,B	planned
CN-STATE-27	05-state-and-replay.md	220	P2,P3,G0,P4,P6	T-CN-07,T-CN-14,T-CN-15,T-CN-16,T-CN-17,T-CN-18,T-CN-19,T-CN-27	S,P,B	planned
CN-STATE-28	05-state-and-replay.md	225	P2,P3,G0,P4,P6	T-CN-07,T-CN-14,T-CN-15,T-CN-16,T-CN-17,T-CN-18,T-CN-19,T-CN-27	S,P,B	planned
CN-STATE-29	05-state-and-replay.md	240	P2,P3,G0,P4,P6	T-CN-07,T-CN-14,T-CN-15,T-CN-16,T-CN-17,T-CN-18,T-CN-19,T-CN-27	S,P,B	planned
CN-STATE-30	05-state-and-replay.md	245	P2,P3,G0,P4,P6	T-CN-07,T-CN-14,T-CN-15,T-CN-16,T-CN-17,T-CN-18,T-CN-19,T-CN-27	S,P,B	planned
CN-STATE-31	05-state-and-replay.md	250	P2,P3,G0,P4,P6	T-CN-07,T-CN-14,T-CN-15,T-CN-16,T-CN-17,T-CN-18,T-CN-19,T-CN-27	S,P,B	planned
CN-STATE-32	05-state-and-replay.md	255	P2,P3,G0,P4,P6	T-CN-07,T-CN-14,T-CN-15,T-CN-16,T-CN-17,T-CN-18,T-CN-19,T-CN-27	S,P,B	planned
CN-STATE-33	05-state-and-replay.md	260	P2,P3,G0,P4,P6	T-CN-07,T-CN-14,T-CN-15,T-CN-16,T-CN-17,T-CN-18,T-CN-19,T-CN-27	S,P,B	planned
CN-STATE-34	05-state-and-replay.md	278	P2,P3,G0,P4,P6	T-CN-07,T-CN-14,T-CN-15,T-CN-16,T-CN-17,T-CN-18,T-CN-19,T-CN-27	S,P,B	planned
CN-STATE-35	05-state-and-replay.md	290	P2,P3,G0,P4,P6	T-CN-07,T-CN-14,T-CN-15,T-CN-16,T-CN-17,T-CN-18,T-CN-19,T-CN-27	S,P,B	planned
CN-STATE-36	05-state-and-replay.md	295	P2,P3,G0,P4,P6	T-CN-07,T-CN-14,T-CN-15,T-CN-16,T-CN-17,T-CN-18,T-CN-19,T-CN-27	S,P,B	planned
CN-STATE-37	05-state-and-replay.md	300	P2,P3,G0,P4,P6	T-CN-07,T-CN-14,T-CN-15,T-CN-16,T-CN-17,T-CN-18,T-CN-19,T-CN-27	S,P,B	planned
CN-STATE-38	05-state-and-replay.md	307	P2,P3,G0,P4,P6	T-CN-07,T-CN-14,T-CN-15,T-CN-16,T-CN-17,T-CN-18,T-CN-19,T-CN-27	S,P,B	planned
CN-STATE-39	05-state-and-replay.md	311	P2,P3,G0,P4,P6	T-CN-07,T-CN-14,T-CN-15,T-CN-16,T-CN-17,T-CN-18,T-CN-19,T-CN-27	S,P,B	planned
CN-STATE-40	05-state-and-replay.md	316	P2,P3,G0,P4,P6	T-CN-07,T-CN-14,T-CN-15,T-CN-16,T-CN-17,T-CN-18,T-CN-19,T-CN-27	S,P,B	planned
CN-STATE-41	05-state-and-replay.md	322	P2,P3,G0,P4,P6	T-CN-07,T-CN-14,T-CN-15,T-CN-16,T-CN-17,T-CN-18,T-CN-19,T-CN-27	S,P,B	planned
CN-STATE-42	05-state-and-replay.md	327	P2,P3,G0,P4,P6	T-CN-07,T-CN-14,T-CN-15,T-CN-16,T-CN-17,T-CN-18,T-CN-19,T-CN-27	S,P,B	planned
CN-STATE-43	05-state-and-replay.md	332	P2,P3,G0,P4,P6	T-CN-07,T-CN-14,T-CN-15,T-CN-16,T-CN-17,T-CN-18,T-CN-19,T-CN-27	S,P,B	planned
CN-STATE-44	05-state-and-replay.md	337	P2,P3,G0,P4,P6	T-CN-07,T-CN-14,T-CN-15,T-CN-16,T-CN-17,T-CN-18,T-CN-19,T-CN-27	S,P,B	planned
CN-REPLAY-1	05-state-and-replay.md	344	P2,P6	T-CN-07,T-CN-27,T-CN-28	R,S	planned
CN-REPLAY-2	05-state-and-replay.md	349	P2,P6	T-CN-07,T-CN-27,T-CN-28	R,S	planned
CN-REPLAY-3	05-state-and-replay.md	354	P2,P6	T-CN-07,T-CN-27,T-CN-28	R,S	planned
CN-REPLAY-4	05-state-and-replay.md	359	P2,P6	T-CN-07,T-CN-27,T-CN-28	R,S	planned
CN-REPLAY-5	05-state-and-replay.md	364	P2,P6	T-CN-07,T-CN-27,T-CN-28	R,S	planned
CN-REPLAY-6	05-state-and-replay.md	368	P2,P6	T-CN-07,T-CN-27,T-CN-28	R,S	planned
CN-REPLAY-7	05-state-and-replay.md	373	P2,P6	T-CN-07,T-CN-27,T-CN-28	R,S	planned
CN-REPLAY-8	05-state-and-replay.md	380	P2,P6	T-CN-07,T-CN-27,T-CN-28	R,S	planned
CN-REPLAY-9	05-state-and-replay.md	385	P2,P6	T-CN-07,T-CN-27,T-CN-28	R,S	planned
CN-REPLAY-10	05-state-and-replay.md	390	P2,P6	T-CN-07,T-CN-27,T-CN-28	R,S	planned
CN-REPLAY-11	05-state-and-replay.md	395	P2,P6	T-CN-07,T-CN-27,T-CN-28	R,S	planned
CN-REPLAY-12	05-state-and-replay.md	400	P2,P6	T-CN-07,T-CN-27,T-CN-28	R,S	planned
CN-REPLAY-13	05-state-and-replay.md	405	P2,P6	T-CN-07,T-CN-27,T-CN-28	R,S	planned
CN-REPLAY-14	05-state-and-replay.md	410	P2,P6	T-CN-07,T-CN-27,T-CN-28	R,S	planned
CN-REPLAY-15	05-state-and-replay.md	415	P2,P6	T-CN-07,T-CN-27,T-CN-28	R,S	planned
CN-REPLAY-16	05-state-and-replay.md	420	P2,P6	T-CN-07,T-CN-27,T-CN-28	R,S	planned
CN-REPLAY-17	05-state-and-replay.md	427	P2,P6	T-CN-07,T-CN-27,T-CN-28	R,S	planned
CN-REPLAY-18	05-state-and-replay.md	432	P2,P6	T-CN-07,T-CN-27,T-CN-28	R,S	planned
CN-REPLAY-19	05-state-and-replay.md	443	P2,P6	T-CN-07,T-CN-27,T-CN-28	R,S	planned
CN-REPLAY-20	05-state-and-replay.md	448	P2,P6	T-CN-07,T-CN-27,T-CN-28	R,S	planned
CN-REPLAY-21	05-state-and-replay.md	453	P2,P6	T-CN-07,T-CN-27,T-CN-28	R,S	planned
CN-REPLAY-22	05-state-and-replay.md	458	P2,P6	T-CN-07,T-CN-27,T-CN-28	R,S	planned
CN-REPLAY-23	05-state-and-replay.md	463	P2,P6	T-CN-07,T-CN-27,T-CN-28	R,S	planned
CN-IPC-1	06-provider-protocol-and-security.md	32	P2,P3,P4,P6,P7	T-CN-06,T-CN-07,T-CN-08,T-CN-09,T-CN-10,T-CN-16,T-CN-24,T-CN-29,T-CN-31	P,B,E,Q,S	planned
CN-IPC-2	06-provider-protocol-and-security.md	36	P2,P3,P4,P6,P7	T-CN-06,T-CN-07,T-CN-08,T-CN-09,T-CN-10,T-CN-16,T-CN-24,T-CN-29,T-CN-31	P,B,E,Q,S	planned
CN-IPC-3	06-provider-protocol-and-security.md	40	P2,P3,P4,P6,P7	T-CN-06,T-CN-07,T-CN-08,T-CN-09,T-CN-10,T-CN-16,T-CN-24,T-CN-29,T-CN-31	P,B,E,Q,S	planned
CN-IPC-4	06-provider-protocol-and-security.md	75	P2,P3,P4,P6,P7	T-CN-06,T-CN-07,T-CN-08,T-CN-09,T-CN-10,T-CN-16,T-CN-24,T-CN-29,T-CN-31	P,B,E,Q,S	planned
CN-IPC-5	06-provider-protocol-and-security.md	80	P2,P3,P4,P6,P7	T-CN-06,T-CN-07,T-CN-08,T-CN-09,T-CN-10,T-CN-16,T-CN-24,T-CN-29,T-CN-31	P,B,E,Q,S	planned
CN-IPC-6	06-provider-protocol-and-security.md	84	P2,P3,P4,P6,P7	T-CN-06,T-CN-07,T-CN-08,T-CN-09,T-CN-10,T-CN-16,T-CN-24,T-CN-29,T-CN-31	P,B,E,Q,S	planned
CN-IPC-7	06-provider-protocol-and-security.md	121	P2,P3,P4,P6,P7	T-CN-06,T-CN-07,T-CN-08,T-CN-09,T-CN-10,T-CN-16,T-CN-24,T-CN-29,T-CN-31	P,B,E,Q,S	planned
CN-IPC-8	06-provider-protocol-and-security.md	126	P2,P3,P4,P6,P7	T-CN-06,T-CN-07,T-CN-08,T-CN-09,T-CN-10,T-CN-16,T-CN-24,T-CN-29,T-CN-31	P,B,E,Q,S	planned
CN-IPC-9	06-provider-protocol-and-security.md	183	P2,P3,P4,P6,P7	T-CN-06,T-CN-07,T-CN-08,T-CN-09,T-CN-10,T-CN-16,T-CN-24,T-CN-29,T-CN-31	P,B,E,Q,S	planned
CN-IPC-10	06-provider-protocol-and-security.md	187	P2,P3,P4,P6,P7	T-CN-06,T-CN-07,T-CN-08,T-CN-09,T-CN-10,T-CN-16,T-CN-24,T-CN-29,T-CN-31	P,B,E,Q,S	planned
CN-IPC-11	06-provider-protocol-and-security.md	248	P2,P3,P4,P6,P7	T-CN-06,T-CN-07,T-CN-08,T-CN-09,T-CN-10,T-CN-16,T-CN-24,T-CN-29,T-CN-31	P,B,E,Q,S	planned
CN-IPC-12	06-provider-protocol-and-security.md	252	P2,P3,P4,P6,P7	T-CN-06,T-CN-07,T-CN-08,T-CN-09,T-CN-10,T-CN-16,T-CN-24,T-CN-29,T-CN-31	P,B,E,Q,S	planned
CN-IPC-13	06-provider-protocol-and-security.md	308	P2,P3,P4,P6,P7	T-CN-06,T-CN-07,T-CN-08,T-CN-09,T-CN-10,T-CN-16,T-CN-24,T-CN-29,T-CN-31	P,B,E,Q,S	planned
CN-IPC-14	06-provider-protocol-and-security.md	313	P2,P3,P4,P6,P7	T-CN-06,T-CN-07,T-CN-08,T-CN-09,T-CN-10,T-CN-16,T-CN-24,T-CN-29,T-CN-31	P,B,E,Q,S	planned
CN-IPC-15	06-provider-protocol-and-security.md	318	P2,P3,P4,P6,P7	T-CN-06,T-CN-07,T-CN-08,T-CN-09,T-CN-10,T-CN-16,T-CN-24,T-CN-29,T-CN-31	P,B,E,Q,S	planned
CN-IPC-16	06-provider-protocol-and-security.md	363	P2,P3,P4,P6,P7	T-CN-06,T-CN-07,T-CN-08,T-CN-09,T-CN-10,T-CN-16,T-CN-24,T-CN-29,T-CN-31	P,B,E,Q,S	planned
CN-IPC-17	06-provider-protocol-and-security.md	368	P2,P3,P4,P6,P7	T-CN-06,T-CN-07,T-CN-08,T-CN-09,T-CN-10,T-CN-16,T-CN-24,T-CN-29,T-CN-31	P,B,E,Q,S	planned
CN-IPC-18	06-provider-protocol-and-security.md	372	P2,P3,P4,P6,P7	T-CN-06,T-CN-07,T-CN-08,T-CN-09,T-CN-10,T-CN-16,T-CN-24,T-CN-29,T-CN-31	P,B,E,Q,S	planned
CN-IPC-19	06-provider-protocol-and-security.md	415	P2,P3,P4,P6,P7	T-CN-06,T-CN-07,T-CN-08,T-CN-09,T-CN-10,T-CN-16,T-CN-24,T-CN-29,T-CN-31	P,B,E,Q,S	planned
CN-IPC-20	06-provider-protocol-and-security.md	420	P2,P3,P4,P6,P7	T-CN-06,T-CN-07,T-CN-08,T-CN-09,T-CN-10,T-CN-16,T-CN-24,T-CN-29,T-CN-31	P,B,E,Q,S	planned
CN-IPC-21	06-provider-protocol-and-security.md	540	P2,P3,P4,P6,P7	T-CN-06,T-CN-07,T-CN-08,T-CN-09,T-CN-10,T-CN-16,T-CN-24,T-CN-29,T-CN-31	P,B,E,Q,S	planned
CN-IPC-22	06-provider-protocol-and-security.md	544	P2,P3,P4,P6,P7	T-CN-06,T-CN-07,T-CN-08,T-CN-09,T-CN-10,T-CN-16,T-CN-24,T-CN-29,T-CN-31	P,B,E,Q,S	planned
CN-IPC-23	06-provider-protocol-and-security.md	547	P2,P3,P4,P6,P7	T-CN-06,T-CN-07,T-CN-08,T-CN-09,T-CN-10,T-CN-16,T-CN-24,T-CN-29,T-CN-31	P,B,E,Q,S	planned
CN-IPC-24	06-provider-protocol-and-security.md	584	P2,P3,P4,P6,P7	T-CN-06,T-CN-07,T-CN-08,T-CN-09,T-CN-10,T-CN-16,T-CN-24,T-CN-29,T-CN-31	P,B,E,Q,S	planned
CN-IPC-25	06-provider-protocol-and-security.md	588	P2,P3,P4,P6,P7	T-CN-06,T-CN-07,T-CN-08,T-CN-09,T-CN-10,T-CN-16,T-CN-24,T-CN-29,T-CN-31	P,B,E,Q,S	planned
CN-IPC-26	06-provider-protocol-and-security.md	591	P2,P3,P4,P6,P7	T-CN-06,T-CN-07,T-CN-08,T-CN-09,T-CN-10,T-CN-16,T-CN-24,T-CN-29,T-CN-31	P,B,E,Q,S	planned
CN-IPC-27	06-provider-protocol-and-security.md	595	P2,P3,P4,P6,P7	T-CN-06,T-CN-07,T-CN-08,T-CN-09,T-CN-10,T-CN-16,T-CN-24,T-CN-29,T-CN-31	P,B,E,Q,S	planned
CN-IPC-28	06-provider-protocol-and-security.md	633	P2,P3,P4,P6,P7	T-CN-06,T-CN-07,T-CN-08,T-CN-09,T-CN-10,T-CN-16,T-CN-24,T-CN-29,T-CN-31	P,B,E,Q,S	planned
CN-IPC-29	06-provider-protocol-and-security.md	638	P2,P3,P4,P6,P7	T-CN-06,T-CN-07,T-CN-08,T-CN-09,T-CN-10,T-CN-16,T-CN-24,T-CN-29,T-CN-31	P,B,E,Q,S	planned
CN-IPC-30	06-provider-protocol-and-security.md	643	P2,P3,P4,P6,P7	T-CN-06,T-CN-07,T-CN-08,T-CN-09,T-CN-10,T-CN-16,T-CN-24,T-CN-29,T-CN-31	P,B,E,Q,S	planned
CN-IPC-31	06-provider-protocol-and-security.md	690	P2,P3,P4,P6,P7	T-CN-06,T-CN-07,T-CN-08,T-CN-09,T-CN-10,T-CN-16,T-CN-24,T-CN-29,T-CN-31	P,B,E,Q,S	planned
CN-IPC-32	06-provider-protocol-and-security.md	694	P2,P3,P4,P6,P7	T-CN-06,T-CN-07,T-CN-08,T-CN-09,T-CN-10,T-CN-16,T-CN-24,T-CN-29,T-CN-31	P,B,E,Q,S	planned
CN-IPC-33	06-provider-protocol-and-security.md	720	P2,P3,P4,P6,P7	T-CN-06,T-CN-07,T-CN-08,T-CN-09,T-CN-10,T-CN-16,T-CN-24,T-CN-29,T-CN-31	P,B,E,Q,S	planned
CN-IPC-34	06-provider-protocol-and-security.md	725	P2,P3,P4,P6,P7	T-CN-06,T-CN-07,T-CN-08,T-CN-09,T-CN-10,T-CN-16,T-CN-24,T-CN-29,T-CN-31	P,B,E,Q,S	planned
CN-IPC-35	06-provider-protocol-and-security.md	730	P2,P3,P4,P6,P7	T-CN-06,T-CN-07,T-CN-08,T-CN-09,T-CN-10,T-CN-16,T-CN-24,T-CN-29,T-CN-31	P,B,E,Q,S	planned
CN-IPC-36	06-provider-protocol-and-security.md	776	P2,P3,P4,P6,P7	T-CN-06,T-CN-07,T-CN-08,T-CN-09,T-CN-10,T-CN-16,T-CN-24,T-CN-29,T-CN-31	P,B,E,Q,S	planned
CN-SEC-1	06-provider-protocol-and-security.md	789	P2,P7	T-CN-08,T-CN-29,T-CN-30,T-CN-31,T-CN-32	P,B,S	planned
CN-SEC-2	06-provider-protocol-and-security.md	794	P2,P7	T-CN-08,T-CN-29,T-CN-30,T-CN-31,T-CN-32	P,B,S	planned
CN-SEC-3	06-provider-protocol-and-security.md	799	P2,P7	T-CN-08,T-CN-29,T-CN-30,T-CN-31,T-CN-32	P,B,S	planned
CN-SEC-4	06-provider-protocol-and-security.md	804	P2,P7	T-CN-08,T-CN-29,T-CN-30,T-CN-31,T-CN-32	P,B,S	planned
CN-SEC-5	06-provider-protocol-and-security.md	808	P2,P7	T-CN-08,T-CN-29,T-CN-30,T-CN-31,T-CN-32	P,B,S	planned
CN-SEC-6	06-provider-protocol-and-security.md	812	P2,P7	T-CN-08,T-CN-29,T-CN-30,T-CN-31,T-CN-32	P,B,S	planned
CN-SEC-7	06-provider-protocol-and-security.md	817	P2,P7	T-CN-08,T-CN-29,T-CN-30,T-CN-31,T-CN-32	P,B,S	planned
CN-SEC-8	06-provider-protocol-and-security.md	821	P2,P7	T-CN-08,T-CN-29,T-CN-30,T-CN-31,T-CN-32	P,B,S	planned
CN-SEC-9	06-provider-protocol-and-security.md	834	P2,P7	T-CN-08,T-CN-29,T-CN-30,T-CN-31,T-CN-32	P,B,S	planned
CN-SEC-10	06-provider-protocol-and-security.md	838	P2,P7	T-CN-08,T-CN-29,T-CN-30,T-CN-31,T-CN-32	P,B,S	planned
CN-SEC-11	06-provider-protocol-and-security.md	842	P2,P7	T-CN-08,T-CN-29,T-CN-30,T-CN-31,T-CN-32	P,B,S	planned
CN-SEC-12	06-provider-protocol-and-security.md	847	P2,P7	T-CN-08,T-CN-29,T-CN-30,T-CN-31,T-CN-32	P,B,S	planned
CN-IPC-37	06-provider-protocol-and-security.md	867	P2,P3,P4,P6,P7	T-CN-06,T-CN-07,T-CN-08,T-CN-09,T-CN-10,T-CN-16,T-CN-24,T-CN-29,T-CN-31	P,B,E,Q,S	planned
CN-IPC-38	06-provider-protocol-and-security.md	871	P2,P3,P4,P6,P7	T-CN-06,T-CN-07,T-CN-08,T-CN-09,T-CN-10,T-CN-16,T-CN-24,T-CN-29,T-CN-31	P,B,E,Q,S	planned
CN-PROFILE-1	07-reference-profiles-and-examples.md	16	P3,G0,P4,P5,P6,P7	T-CN-11,T-CN-12,T-CN-13,T-CN-15,T-CN-16,T-CN-17,T-CN-18,T-CN-19,T-CN-20,T-CN-21,T-CN-22,T-CN-23,T-CN-25,T-CN-26,T-CN-27,T-CN-28,T-CN-29,T-CN-30	F,E,Q,S,R	planned
CN-PROFILE-2	07-reference-profiles-and-examples.md	22	P3,G0,P4,P5,P6,P7	T-CN-11,T-CN-12,T-CN-13,T-CN-15,T-CN-16,T-CN-17,T-CN-18,T-CN-19,T-CN-20,T-CN-21,T-CN-22,T-CN-23,T-CN-25,T-CN-26,T-CN-27,T-CN-28,T-CN-29,T-CN-30	F,E,Q,S,R	planned
CN-PROFILE-3	07-reference-profiles-and-examples.md	66	P3,G0,P4,P5,P6,P7	T-CN-11,T-CN-12,T-CN-13,T-CN-15,T-CN-16,T-CN-17,T-CN-18,T-CN-19,T-CN-20,T-CN-21,T-CN-22,T-CN-23,T-CN-25,T-CN-26,T-CN-27,T-CN-28,T-CN-29,T-CN-30	F,E,Q,S,R	planned
CN-PROFILE-4	07-reference-profiles-and-examples.md	82	P3,G0,P4,P5,P6,P7	T-CN-11,T-CN-12,T-CN-13,T-CN-15,T-CN-16,T-CN-17,T-CN-18,T-CN-19,T-CN-20,T-CN-21,T-CN-22,T-CN-23,T-CN-25,T-CN-26,T-CN-27,T-CN-28,T-CN-29,T-CN-30	F,E,Q,S,R	planned
CN-PROFILE-5	07-reference-profiles-and-examples.md	102	P3,G0,P4,P5,P6,P7	T-CN-11,T-CN-12,T-CN-13,T-CN-15,T-CN-16,T-CN-17,T-CN-18,T-CN-19,T-CN-20,T-CN-21,T-CN-22,T-CN-23,T-CN-25,T-CN-26,T-CN-27,T-CN-28,T-CN-29,T-CN-30	F,E,Q,S,R	planned
CN-PROFILE-6	07-reference-profiles-and-examples.md	129	P3,G0,P4,P5,P6,P7	T-CN-11,T-CN-12,T-CN-13,T-CN-15,T-CN-16,T-CN-17,T-CN-18,T-CN-19,T-CN-20,T-CN-21,T-CN-22,T-CN-23,T-CN-25,T-CN-26,T-CN-27,T-CN-28,T-CN-29,T-CN-30	F,E,Q,S,R	planned
CN-PROFILE-7	07-reference-profiles-and-examples.md	165	P3,G0,P4,P5,P6,P7	T-CN-11,T-CN-12,T-CN-13,T-CN-15,T-CN-16,T-CN-17,T-CN-18,T-CN-19,T-CN-20,T-CN-21,T-CN-22,T-CN-23,T-CN-25,T-CN-26,T-CN-27,T-CN-28,T-CN-29,T-CN-30	F,E,Q,S,R	planned
CN-PROFILE-8	07-reference-profiles-and-examples.md	192	P3,G0,P4,P5,P6,P7	T-CN-11,T-CN-12,T-CN-13,T-CN-15,T-CN-16,T-CN-17,T-CN-18,T-CN-19,T-CN-20,T-CN-21,T-CN-22,T-CN-23,T-CN-25,T-CN-26,T-CN-27,T-CN-28,T-CN-29,T-CN-30	F,E,Q,S,R	planned
CN-PROFILE-9	07-reference-profiles-and-examples.md	220	P3,G0,P4,P5,P6,P7	T-CN-11,T-CN-12,T-CN-13,T-CN-15,T-CN-16,T-CN-17,T-CN-18,T-CN-19,T-CN-20,T-CN-21,T-CN-22,T-CN-23,T-CN-25,T-CN-26,T-CN-27,T-CN-28,T-CN-29,T-CN-30	F,E,Q,S,R	planned
CN-PROFILE-10	07-reference-profiles-and-examples.md	246	P3,G0,P4,P5,P6,P7	T-CN-11,T-CN-12,T-CN-13,T-CN-15,T-CN-16,T-CN-17,T-CN-18,T-CN-19,T-CN-20,T-CN-21,T-CN-22,T-CN-23,T-CN-25,T-CN-26,T-CN-27,T-CN-28,T-CN-29,T-CN-30	F,E,Q,S,R	planned
CN-PROFILE-11	07-reference-profiles-and-examples.md	286	P3,G0,P4,P5,P6,P7	T-CN-11,T-CN-12,T-CN-13,T-CN-15,T-CN-16,T-CN-17,T-CN-18,T-CN-19,T-CN-20,T-CN-21,T-CN-22,T-CN-23,T-CN-25,T-CN-26,T-CN-27,T-CN-28,T-CN-29,T-CN-30	F,E,Q,S,R	planned
CN-PROFILE-12	07-reference-profiles-and-examples.md	304	P3,G0,P4,P5,P6,P7	T-CN-11,T-CN-12,T-CN-13,T-CN-15,T-CN-16,T-CN-17,T-CN-18,T-CN-19,T-CN-20,T-CN-21,T-CN-22,T-CN-23,T-CN-25,T-CN-26,T-CN-27,T-CN-28,T-CN-29,T-CN-30	F,E,Q,S,R	planned
CN-PROFILE-13	07-reference-profiles-and-examples.md	316	P3,G0,P4,P5,P6,P7	T-CN-11,T-CN-12,T-CN-13,T-CN-15,T-CN-16,T-CN-17,T-CN-18,T-CN-19,T-CN-20,T-CN-21,T-CN-22,T-CN-23,T-CN-25,T-CN-26,T-CN-27,T-CN-28,T-CN-29,T-CN-30	F,E,Q,S,R	planned
CN-PROFILE-14	07-reference-profiles-and-examples.md	332	P3,G0,P4,P5,P6,P7	T-CN-11,T-CN-12,T-CN-13,T-CN-15,T-CN-16,T-CN-17,T-CN-18,T-CN-19,T-CN-20,T-CN-21,T-CN-22,T-CN-23,T-CN-25,T-CN-26,T-CN-27,T-CN-28,T-CN-29,T-CN-30	F,E,Q,S,R	planned
CN-PROFILE-15	07-reference-profiles-and-examples.md	405	P3,G0,P4,P5,P6,P7	T-CN-11,T-CN-12,T-CN-13,T-CN-15,T-CN-16,T-CN-17,T-CN-18,T-CN-19,T-CN-20,T-CN-21,T-CN-22,T-CN-23,T-CN-25,T-CN-26,T-CN-27,T-CN-28,T-CN-29,T-CN-30	F,E,Q,S,R	planned
CN-PROFILE-16	07-reference-profiles-and-examples.md	434	P3,G0,P4,P5,P6,P7	T-CN-11,T-CN-12,T-CN-13,T-CN-15,T-CN-16,T-CN-17,T-CN-18,T-CN-19,T-CN-20,T-CN-21,T-CN-22,T-CN-23,T-CN-25,T-CN-26,T-CN-27,T-CN-28,T-CN-29,T-CN-30	F,E,Q,S,R	planned
CN-PROFILE-17	07-reference-profiles-and-examples.md	475	P3,G0,P4,P5,P6,P7	T-CN-11,T-CN-12,T-CN-13,T-CN-15,T-CN-16,T-CN-17,T-CN-18,T-CN-19,T-CN-20,T-CN-21,T-CN-22,T-CN-23,T-CN-25,T-CN-26,T-CN-27,T-CN-28,T-CN-29,T-CN-30	F,E,Q,S,R	planned
CN-PROFILE-18	07-reference-profiles-and-examples.md	512	P3,G0,P4,P5,P6,P7	T-CN-11,T-CN-12,T-CN-13,T-CN-15,T-CN-16,T-CN-17,T-CN-18,T-CN-19,T-CN-20,T-CN-21,T-CN-22,T-CN-23,T-CN-25,T-CN-26,T-CN-27,T-CN-28,T-CN-29,T-CN-30	F,E,Q,S,R	planned
CN-TEST-001	08-conformance.md	28	P0,P3,G0,P4,P5,P6,P7	T-CN-01,T-CN-14,T-CN-15,T-CN-16,T-CN-17,T-CN-18,T-CN-19,T-CN-20,T-CN-21,T-CN-22,T-CN-23,T-CN-24,T-CN-25,T-CN-26,T-CN-27,T-CN-28,T-CN-29,T-CN-30,T-CN-31,T-CN-32	B,E,Q,R,S,P,F	planned
CN-TEST-002	08-conformance.md	54	P0,P3,G0,P4,P5,P6,P7	T-CN-01,T-CN-14,T-CN-15,T-CN-16,T-CN-17,T-CN-18,T-CN-19,T-CN-20,T-CN-21,T-CN-22,T-CN-23,T-CN-24,T-CN-25,T-CN-26,T-CN-27,T-CN-28,T-CN-29,T-CN-30,T-CN-31,T-CN-32	B,E,Q,R,S,P,F	planned
CN-TEST-003	08-conformance.md	58	P0,P3,G0,P4,P5,P6,P7	T-CN-01,T-CN-14,T-CN-15,T-CN-16,T-CN-17,T-CN-18,T-CN-19,T-CN-20,T-CN-21,T-CN-22,T-CN-23,T-CN-24,T-CN-25,T-CN-26,T-CN-27,T-CN-28,T-CN-29,T-CN-30,T-CN-31,T-CN-32	B,E,Q,R,S,P,F	planned
CN-TEST-004	08-conformance.md	86	P0,P3,G0,P4,P5,P6,P7	T-CN-01,T-CN-14,T-CN-15,T-CN-16,T-CN-17,T-CN-18,T-CN-19,T-CN-20,T-CN-21,T-CN-22,T-CN-23,T-CN-24,T-CN-25,T-CN-26,T-CN-27,T-CN-28,T-CN-29,T-CN-30,T-CN-31,T-CN-32	B,E,Q,R,S,P,F	planned
CN-TEST-005	08-conformance.md	89	P0,P3,G0,P4,P5,P6,P7	T-CN-01,T-CN-14,T-CN-15,T-CN-16,T-CN-17,T-CN-18,T-CN-19,T-CN-20,T-CN-21,T-CN-22,T-CN-23,T-CN-24,T-CN-25,T-CN-26,T-CN-27,T-CN-28,T-CN-29,T-CN-30,T-CN-31,T-CN-32	B,E,Q,R,S,P,F	planned
CN-TEST-006	08-conformance.md	93	P0,P3,G0,P4,P5,P6,P7	T-CN-01,T-CN-14,T-CN-15,T-CN-16,T-CN-17,T-CN-18,T-CN-19,T-CN-20,T-CN-21,T-CN-22,T-CN-23,T-CN-24,T-CN-25,T-CN-26,T-CN-27,T-CN-28,T-CN-29,T-CN-30,T-CN-31,T-CN-32	B,E,Q,R,S,P,F	planned
CN-TEST-007	08-conformance.md	96	P0,P3,G0,P4,P5,P6,P7	T-CN-01,T-CN-14,T-CN-15,T-CN-16,T-CN-17,T-CN-18,T-CN-19,T-CN-20,T-CN-21,T-CN-22,T-CN-23,T-CN-24,T-CN-25,T-CN-26,T-CN-27,T-CN-28,T-CN-29,T-CN-30,T-CN-31,T-CN-32	B,E,Q,R,S,P,F	planned
CN-TEST-008	08-conformance.md	120	P0,P3,G0,P4,P5,P6,P7	T-CN-01,T-CN-14,T-CN-15,T-CN-16,T-CN-17,T-CN-18,T-CN-19,T-CN-20,T-CN-21,T-CN-22,T-CN-23,T-CN-24,T-CN-25,T-CN-26,T-CN-27,T-CN-28,T-CN-29,T-CN-30,T-CN-31,T-CN-32	B,E,Q,R,S,P,F	planned
CN-TEST-009	08-conformance.md	124	P0,P3,G0,P4,P5,P6,P7	T-CN-01,T-CN-14,T-CN-15,T-CN-16,T-CN-17,T-CN-18,T-CN-19,T-CN-20,T-CN-21,T-CN-22,T-CN-23,T-CN-24,T-CN-25,T-CN-26,T-CN-27,T-CN-28,T-CN-29,T-CN-30,T-CN-31,T-CN-32	B,E,Q,R,S,P,F	planned
CN-TEST-010	08-conformance.md	156	P0,P3,G0,P4,P5,P6,P7	T-CN-01,T-CN-14,T-CN-15,T-CN-16,T-CN-17,T-CN-18,T-CN-19,T-CN-20,T-CN-21,T-CN-22,T-CN-23,T-CN-24,T-CN-25,T-CN-26,T-CN-27,T-CN-28,T-CN-29,T-CN-30,T-CN-31,T-CN-32	B,E,Q,R,S,P,F	planned
CN-TEST-037	08-conformance.md	166	P0,P3,G0,P4,P5,P6,P7	T-CN-01,T-CN-14,T-CN-15,T-CN-16,T-CN-17,T-CN-18,T-CN-19,T-CN-20,T-CN-21,T-CN-22,T-CN-23,T-CN-24,T-CN-25,T-CN-26,T-CN-27,T-CN-28,T-CN-29,T-CN-30,T-CN-31,T-CN-32	B,E,Q,R,S,P,F	planned
CN-TEST-011	08-conformance.md	189	P0,P3,G0,P4,P5,P6,P7	T-CN-01,T-CN-14,T-CN-15,T-CN-16,T-CN-17,T-CN-18,T-CN-19,T-CN-20,T-CN-21,T-CN-22,T-CN-23,T-CN-24,T-CN-25,T-CN-26,T-CN-27,T-CN-28,T-CN-29,T-CN-30,T-CN-31,T-CN-32	B,E,Q,R,S,P,F	planned
CN-TEST-035	08-conformance.md	200	P0,P3,G0,P4,P5,P6,P7	T-CN-01,T-CN-14,T-CN-15,T-CN-16,T-CN-17,T-CN-18,T-CN-19,T-CN-20,T-CN-21,T-CN-22,T-CN-23,T-CN-24,T-CN-25,T-CN-26,T-CN-27,T-CN-28,T-CN-29,T-CN-30,T-CN-31,T-CN-32	B,E,Q,R,S,P,F	planned
CN-TEST-012	08-conformance.md	212	P0,P3,G0,P4,P5,P6,P7	T-CN-01,T-CN-14,T-CN-15,T-CN-16,T-CN-17,T-CN-18,T-CN-19,T-CN-20,T-CN-21,T-CN-22,T-CN-23,T-CN-24,T-CN-25,T-CN-26,T-CN-27,T-CN-28,T-CN-29,T-CN-30,T-CN-31,T-CN-32	B,E,Q,R,S,P,F	planned
CN-TEST-036	08-conformance.md	216	P0,P3,G0,P4,P5,P6,P7	T-CN-01,T-CN-14,T-CN-15,T-CN-16,T-CN-17,T-CN-18,T-CN-19,T-CN-20,T-CN-21,T-CN-22,T-CN-23,T-CN-24,T-CN-25,T-CN-26,T-CN-27,T-CN-28,T-CN-29,T-CN-30,T-CN-31,T-CN-32	B,E,Q,R,S,P,F	planned
CN-TEST-013	08-conformance.md	242	P0,P3,G0,P4,P5,P6,P7	T-CN-01,T-CN-14,T-CN-15,T-CN-16,T-CN-17,T-CN-18,T-CN-19,T-CN-20,T-CN-21,T-CN-22,T-CN-23,T-CN-24,T-CN-25,T-CN-26,T-CN-27,T-CN-28,T-CN-29,T-CN-30,T-CN-31,T-CN-32	B,E,Q,R,S,P,F	planned
CN-TEST-014	08-conformance.md	257	P0,P3,G0,P4,P5,P6,P7	T-CN-01,T-CN-14,T-CN-15,T-CN-16,T-CN-17,T-CN-18,T-CN-19,T-CN-20,T-CN-21,T-CN-22,T-CN-23,T-CN-24,T-CN-25,T-CN-26,T-CN-27,T-CN-28,T-CN-29,T-CN-30,T-CN-31,T-CN-32	B,E,Q,R,S,P,F	planned
CN-TEST-015	08-conformance.md	261	P0,P3,G0,P4,P5,P6,P7	T-CN-01,T-CN-14,T-CN-15,T-CN-16,T-CN-17,T-CN-18,T-CN-19,T-CN-20,T-CN-21,T-CN-22,T-CN-23,T-CN-24,T-CN-25,T-CN-26,T-CN-27,T-CN-28,T-CN-29,T-CN-30,T-CN-31,T-CN-32	B,E,Q,R,S,P,F	planned
CN-TEST-016	08-conformance.md	273	P0,P3,G0,P4,P5,P6,P7	T-CN-01,T-CN-14,T-CN-15,T-CN-16,T-CN-17,T-CN-18,T-CN-19,T-CN-20,T-CN-21,T-CN-22,T-CN-23,T-CN-24,T-CN-25,T-CN-26,T-CN-27,T-CN-28,T-CN-29,T-CN-30,T-CN-31,T-CN-32	B,E,Q,R,S,P,F	planned
CN-TEST-017	08-conformance.md	291	P0,P3,G0,P4,P5,P6,P7	T-CN-01,T-CN-14,T-CN-15,T-CN-16,T-CN-17,T-CN-18,T-CN-19,T-CN-20,T-CN-21,T-CN-22,T-CN-23,T-CN-24,T-CN-25,T-CN-26,T-CN-27,T-CN-28,T-CN-29,T-CN-30,T-CN-31,T-CN-32	B,E,Q,R,S,P,F	planned
CN-TEST-018	08-conformance.md	301	P0,P3,G0,P4,P5,P6,P7	T-CN-01,T-CN-14,T-CN-15,T-CN-16,T-CN-17,T-CN-18,T-CN-19,T-CN-20,T-CN-21,T-CN-22,T-CN-23,T-CN-24,T-CN-25,T-CN-26,T-CN-27,T-CN-28,T-CN-29,T-CN-30,T-CN-31,T-CN-32	B,E,Q,R,S,P,F	planned
CN-TEST-019	08-conformance.md	306	P0,P3,G0,P4,P5,P6,P7	T-CN-01,T-CN-14,T-CN-15,T-CN-16,T-CN-17,T-CN-18,T-CN-19,T-CN-20,T-CN-21,T-CN-22,T-CN-23,T-CN-24,T-CN-25,T-CN-26,T-CN-27,T-CN-28,T-CN-29,T-CN-30,T-CN-31,T-CN-32	B,E,Q,R,S,P,F	planned
CN-TEST-020	08-conformance.md	334	P0,P3,G0,P4,P5,P6,P7	T-CN-01,T-CN-14,T-CN-15,T-CN-16,T-CN-17,T-CN-18,T-CN-19,T-CN-20,T-CN-21,T-CN-22,T-CN-23,T-CN-24,T-CN-25,T-CN-26,T-CN-27,T-CN-28,T-CN-29,T-CN-30,T-CN-31,T-CN-32	B,E,Q,R,S,P,F	planned
CN-TEST-021	08-conformance.md	338	P0,P3,G0,P4,P5,P6,P7	T-CN-01,T-CN-14,T-CN-15,T-CN-16,T-CN-17,T-CN-18,T-CN-19,T-CN-20,T-CN-21,T-CN-22,T-CN-23,T-CN-24,T-CN-25,T-CN-26,T-CN-27,T-CN-28,T-CN-29,T-CN-30,T-CN-31,T-CN-32	B,E,Q,R,S,P,F	planned
CN-TEST-022	08-conformance.md	354	P0,P3,G0,P4,P5,P6,P7	T-CN-01,T-CN-14,T-CN-15,T-CN-16,T-CN-17,T-CN-18,T-CN-19,T-CN-20,T-CN-21,T-CN-22,T-CN-23,T-CN-24,T-CN-25,T-CN-26,T-CN-27,T-CN-28,T-CN-29,T-CN-30,T-CN-31,T-CN-32	B,E,Q,R,S,P,F	planned
CN-TEST-023	08-conformance.md	358	P0,P3,G0,P4,P5,P6,P7	T-CN-01,T-CN-14,T-CN-15,T-CN-16,T-CN-17,T-CN-18,T-CN-19,T-CN-20,T-CN-21,T-CN-22,T-CN-23,T-CN-24,T-CN-25,T-CN-26,T-CN-27,T-CN-28,T-CN-29,T-CN-30,T-CN-31,T-CN-32	B,E,Q,R,S,P,F	planned
CN-TEST-024	08-conformance.md	362	P0,P3,G0,P4,P5,P6,P7	T-CN-01,T-CN-14,T-CN-15,T-CN-16,T-CN-17,T-CN-18,T-CN-19,T-CN-20,T-CN-21,T-CN-22,T-CN-23,T-CN-24,T-CN-25,T-CN-26,T-CN-27,T-CN-28,T-CN-29,T-CN-30,T-CN-31,T-CN-32	B,E,Q,R,S,P,F	planned
CN-TEST-025	08-conformance.md	377	P0,P3,G0,P4,P5,P6,P7	T-CN-01,T-CN-14,T-CN-15,T-CN-16,T-CN-17,T-CN-18,T-CN-19,T-CN-20,T-CN-21,T-CN-22,T-CN-23,T-CN-24,T-CN-25,T-CN-26,T-CN-27,T-CN-28,T-CN-29,T-CN-30,T-CN-31,T-CN-32	B,E,Q,R,S,P,F	planned
CN-TEST-038	08-conformance.md	382	P0,P3,G0,P4,P5,P6,P7	T-CN-01,T-CN-14,T-CN-15,T-CN-16,T-CN-17,T-CN-18,T-CN-19,T-CN-20,T-CN-21,T-CN-22,T-CN-23,T-CN-24,T-CN-25,T-CN-26,T-CN-27,T-CN-28,T-CN-29,T-CN-30,T-CN-31,T-CN-32	B,E,Q,R,S,P,F	planned
CN-TEST-026	08-conformance.md	395	P0,P3,G0,P4,P5,P6,P7	T-CN-01,T-CN-14,T-CN-15,T-CN-16,T-CN-17,T-CN-18,T-CN-19,T-CN-20,T-CN-21,T-CN-22,T-CN-23,T-CN-24,T-CN-25,T-CN-26,T-CN-27,T-CN-28,T-CN-29,T-CN-30,T-CN-31,T-CN-32	B,E,Q,R,S,P,F	planned
CN-TEST-027	08-conformance.md	403	P0,P3,G0,P4,P5,P6,P7	T-CN-01,T-CN-14,T-CN-15,T-CN-16,T-CN-17,T-CN-18,T-CN-19,T-CN-20,T-CN-21,T-CN-22,T-CN-23,T-CN-24,T-CN-25,T-CN-26,T-CN-27,T-CN-28,T-CN-29,T-CN-30,T-CN-31,T-CN-32	B,E,Q,R,S,P,F	planned
CN-TEST-028	08-conformance.md	408	P0,P3,G0,P4,P5,P6,P7	T-CN-01,T-CN-14,T-CN-15,T-CN-16,T-CN-17,T-CN-18,T-CN-19,T-CN-20,T-CN-21,T-CN-22,T-CN-23,T-CN-24,T-CN-25,T-CN-26,T-CN-27,T-CN-28,T-CN-29,T-CN-30,T-CN-31,T-CN-32	B,E,Q,R,S,P,F	planned
CN-TEST-029	08-conformance.md	426	P0,P3,G0,P4,P5,P6,P7	T-CN-01,T-CN-14,T-CN-15,T-CN-16,T-CN-17,T-CN-18,T-CN-19,T-CN-20,T-CN-21,T-CN-22,T-CN-23,T-CN-24,T-CN-25,T-CN-26,T-CN-27,T-CN-28,T-CN-29,T-CN-30,T-CN-31,T-CN-32	B,E,Q,R,S,P,F	planned
CN-TEST-030	08-conformance.md	445	P0,P3,G0,P4,P5,P6,P7	T-CN-01,T-CN-14,T-CN-15,T-CN-16,T-CN-17,T-CN-18,T-CN-19,T-CN-20,T-CN-21,T-CN-22,T-CN-23,T-CN-24,T-CN-25,T-CN-26,T-CN-27,T-CN-28,T-CN-29,T-CN-30,T-CN-31,T-CN-32	B,E,Q,R,S,P,F	planned
CN-TEST-031	08-conformance.md	449	P0,P3,G0,P4,P5,P6,P7	T-CN-01,T-CN-14,T-CN-15,T-CN-16,T-CN-17,T-CN-18,T-CN-19,T-CN-20,T-CN-21,T-CN-22,T-CN-23,T-CN-24,T-CN-25,T-CN-26,T-CN-27,T-CN-28,T-CN-29,T-CN-30,T-CN-31,T-CN-32	B,E,Q,R,S,P,F	planned
CN-TEST-032	08-conformance.md	453	P0,P3,G0,P4,P5,P6,P7	T-CN-01,T-CN-14,T-CN-15,T-CN-16,T-CN-17,T-CN-18,T-CN-19,T-CN-20,T-CN-21,T-CN-22,T-CN-23,T-CN-24,T-CN-25,T-CN-26,T-CN-27,T-CN-28,T-CN-29,T-CN-30,T-CN-31,T-CN-32	B,E,Q,R,S,P,F	planned
CN-TEST-033	08-conformance.md	491	P0,P3,G0,P4,P5,P6,P7	T-CN-01,T-CN-14,T-CN-15,T-CN-16,T-CN-17,T-CN-18,T-CN-19,T-CN-20,T-CN-21,T-CN-22,T-CN-23,T-CN-24,T-CN-25,T-CN-26,T-CN-27,T-CN-28,T-CN-29,T-CN-30,T-CN-31,T-CN-32	B,E,Q,R,S,P,F	planned
CN-TEST-034	08-conformance.md	495	P0,P3,G0,P4,P5,P6,P7	T-CN-01,T-CN-14,T-CN-15,T-CN-16,T-CN-17,T-CN-18,T-CN-19,T-CN-20,T-CN-21,T-CN-22,T-CN-23,T-CN-24,T-CN-25,T-CN-26,T-CN-27,T-CN-28,T-CN-29,T-CN-30,T-CN-31,T-CN-32	B,E,Q,R,S,P,F	planned
CN-EXT-1	09-decisions-and-extensions.md	42	P2,P7	T-CN-06,T-CN-07,T-CN-08,T-CN-09,T-CN-29,T-CN-30,T-CN-31,T-CN-32	P,B,F	planned
CN-EXT-2	09-decisions-and-extensions.md	46	P2,P7	T-CN-06,T-CN-07,T-CN-08,T-CN-09,T-CN-29,T-CN-30,T-CN-31,T-CN-32	P,B,F	planned
CN-EXT-3	09-decisions-and-extensions.md	51	P2,P7	T-CN-06,T-CN-07,T-CN-08,T-CN-09,T-CN-29,T-CN-30,T-CN-31,T-CN-32	P,B,F	planned
CN-EXT-4	09-decisions-and-extensions.md	93	P2,P7	T-CN-06,T-CN-07,T-CN-08,T-CN-09,T-CN-29,T-CN-30,T-CN-31,T-CN-32	P,B,F	planned
CN-EXT-5	09-decisions-and-extensions.md	96	P2,P7	T-CN-06,T-CN-07,T-CN-08,T-CN-09,T-CN-29,T-CN-30,T-CN-31,T-CN-32	P,B,F	planned
CN-EXT-6	09-decisions-and-extensions.md	100	P2,P7	T-CN-06,T-CN-07,T-CN-08,T-CN-09,T-CN-29,T-CN-30,T-CN-31,T-CN-32	P,B,F	planned
CN-EXT-7	09-decisions-and-extensions.md	118	P2,P7	T-CN-06,T-CN-07,T-CN-08,T-CN-09,T-CN-29,T-CN-30,T-CN-31,T-CN-32	P,B,F	planned
CN-EXT-8	09-decisions-and-extensions.md	123	P2,P7	T-CN-06,T-CN-07,T-CN-08,T-CN-09,T-CN-29,T-CN-30,T-CN-31,T-CN-32	P,B,F	planned
CN-EXT-9	09-decisions-and-extensions.md	149	P2,P7	T-CN-06,T-CN-07,T-CN-08,T-CN-09,T-CN-29,T-CN-30,T-CN-31,T-CN-32	P,B,F	planned
CN-IPC-39	reference/cnp-v1-core-types.md	411	P2,P3,P4,P6,P7	T-CN-06,T-CN-07,T-CN-08,T-CN-09,T-CN-10,T-CN-16,T-CN-24,T-CN-29,T-CN-31	P,B,E,Q,S	planned
CN-IPC-40	reference/cnp-v1-core-types.md	417	P2,P3,P4,P6,P7	T-CN-06,T-CN-07,T-CN-08,T-CN-09,T-CN-10,T-CN-16,T-CN-24,T-CN-29,T-CN-31	P,B,E,Q,S	planned
