requirement	normative_source	owner	profile_allocation	positive_and_negative_case_contract	evidence_status
INV-1	../../rfcs/0021-crucible-paged-ram/00-goals-and-invariants.md	execution-and-capture-owner	chapter-14-and-qualification-plan	../../rfcs/0021-crucible-paged-ram/10-validation-and-performance.md	not-certified-by-this-design-inventory
INV-2	../../rfcs/0021-crucible-paged-ram/00-goals-and-invariants.md	execution-and-capture-owner	chapter-14-and-qualification-plan	../../rfcs/0021-crucible-paged-ram/10-validation-and-performance.md	not-certified-by-this-design-inventory
INV-3	../../rfcs/0021-crucible-paged-ram/00-goals-and-invariants.md	execution-and-capture-owner	chapter-14-and-qualification-plan	../../rfcs/0021-crucible-paged-ram/10-validation-and-performance.md	not-certified-by-this-design-inventory
INV-4	../../rfcs/0021-crucible-paged-ram/00-goals-and-invariants.md	execution-and-capture-owner	chapter-14-and-qualification-plan	../../rfcs/0021-crucible-paged-ram/10-validation-and-performance.md	not-certified-by-this-design-inventory
INV-5	../../rfcs/0021-crucible-paged-ram/00-goals-and-invariants.md	execution-and-capture-owner	chapter-14-and-qualification-plan	../../rfcs/0021-crucible-paged-ram/10-validation-and-performance.md	not-certified-by-this-design-inventory
INV-6	../../rfcs/0021-crucible-paged-ram/00-goals-and-invariants.md	execution-and-capture-owner	chapter-14-and-qualification-plan	../../rfcs/0021-crucible-paged-ram/10-validation-and-performance.md	not-certified-by-this-design-inventory
INV-7	../../rfcs/0021-crucible-paged-ram/00-goals-and-invariants.md	execution-and-capture-owner	chapter-14-and-qualification-plan	../../rfcs/0021-crucible-paged-ram/10-validation-and-performance.md	not-certified-by-this-design-inventory
INV-8	../../rfcs/0021-crucible-paged-ram/00-goals-and-invariants.md	execution-and-capture-owner	chapter-14-and-qualification-plan	../../rfcs/0021-crucible-paged-ram/10-validation-and-performance.md	not-certified-by-this-design-inventory
INV-9	../../rfcs/0021-crucible-paged-ram/00-goals-and-invariants.md	execution-and-capture-owner	chapter-14-and-qualification-plan	../../rfcs/0021-crucible-paged-ram/10-validation-and-performance.md	not-certified-by-this-design-inventory
INV-10	../../rfcs/0021-crucible-paged-ram/00-goals-and-invariants.md	execution-and-capture-owner	chapter-14-and-qualification-plan	../../rfcs/0021-crucible-paged-ram/10-validation-and-performance.md	not-certified-by-this-design-inventory
CONF-1	../../rfcs/0021-crucible-paged-ram/00-goals-and-invariants.md	admission-and-capability-registry	chapter-14-and-qualification-plan	../../rfcs/0021-crucible-paged-ram/10-validation-and-performance.md	not-certified-by-this-design-inventory
CONF-2	../../rfcs/0021-crucible-paged-ram/00-goals-and-invariants.md	admission-and-capability-registry	chapter-14-and-qualification-plan	../../rfcs/0021-crucible-paged-ram/10-validation-and-performance.md	not-certified-by-this-design-inventory
CONF-3	../../rfcs/0021-crucible-paged-ram/00-goals-and-invariants.md	admission-and-capability-registry	chapter-14-and-qualification-plan	../../rfcs/0021-crucible-paged-ram/10-validation-and-performance.md	not-certified-by-this-design-inventory
RAM-1	../../rfcs/0021-crucible-paged-ram/02-logical-ram-and-merkle-format.md	logical-ram-codec-and-topology-owner	chapter-14-and-qualification-plan	../../rfcs/0021-crucible-paged-ram/10-validation-and-performance.md	not-certified-by-this-design-inventory
RAM-2	../../rfcs/0021-crucible-paged-ram/02-logical-ram-and-merkle-format.md	logical-ram-codec-and-topology-owner	chapter-14-and-qualification-plan	../../rfcs/0021-crucible-paged-ram/10-validation-and-performance.md	not-certified-by-this-design-inventory
RAM-3	../../rfcs/0021-crucible-paged-ram/02-logical-ram-and-merkle-format.md	logical-ram-codec-and-topology-owner	chapter-14-and-qualification-plan	../../rfcs/0021-crucible-paged-ram/10-validation-and-performance.md	not-certified-by-this-design-inventory
RAM-4	../../rfcs/0021-crucible-paged-ram/02-logical-ram-and-merkle-format.md	logical-ram-codec-and-topology-owner	chapter-14-and-qualification-plan	../../rfcs/0021-crucible-paged-ram/10-validation-and-performance.md	not-certified-by-this-design-inventory
RAM-5	../../rfcs/0021-crucible-paged-ram/02-logical-ram-and-merkle-format.md	logical-ram-codec-and-topology-owner	chapter-14-and-qualification-plan	../../rfcs/0021-crucible-paged-ram/10-validation-and-performance.md	not-certified-by-this-design-inventory
RAM-6	../../rfcs/0021-crucible-paged-ram/02-logical-ram-and-merkle-format.md	logical-ram-codec-and-topology-owner	chapter-14-and-qualification-plan	../../rfcs/0021-crucible-paged-ram/10-validation-and-performance.md	not-certified-by-this-design-inventory
RAM-7	../../rfcs/0021-crucible-paged-ram/02-logical-ram-and-merkle-format.md	logical-ram-codec-and-topology-owner	chapter-14-and-qualification-plan	../../rfcs/0021-crucible-paged-ram/10-validation-and-performance.md	not-certified-by-this-design-inventory
RAM-8	../../rfcs/0021-crucible-paged-ram/02-logical-ram-and-merkle-format.md	logical-ram-codec-and-topology-owner	chapter-14-and-qualification-plan	../../rfcs/0021-crucible-paged-ram/10-validation-and-performance.md	not-certified-by-this-design-inventory
RAM-9	../../rfcs/0021-crucible-paged-ram/02-logical-ram-and-merkle-format.md	logical-ram-codec-and-topology-owner	chapter-14-and-qualification-plan	../../rfcs/0021-crucible-paged-ram/10-validation-and-performance.md	not-certified-by-this-design-inventory
RAM-10	../../rfcs/0021-crucible-paged-ram/02-logical-ram-and-merkle-format.md	logical-ram-codec-and-topology-owner	chapter-14-and-qualification-plan	../../rfcs/0021-crucible-paged-ram/10-validation-and-performance.md	not-certified-by-this-design-inventory
RAM-11	../../rfcs/0021-crucible-paged-ram/02-logical-ram-and-merkle-format.md	logical-ram-codec-and-topology-owner	chapter-14-and-qualification-plan	../../rfcs/0021-crucible-paged-ram/10-validation-and-performance.md	not-certified-by-this-design-inventory
RAM-12	../../rfcs/0021-crucible-paged-ram/02-logical-ram-and-merkle-format.md	logical-ram-codec-and-topology-owner	chapter-14-and-qualification-plan	../../rfcs/0021-crucible-paged-ram/10-validation-and-performance.md	not-certified-by-this-design-inventory
TRACK-1	../../rfcs/0021-crucible-paged-ram/03-write-tracking-and-fingerprints.md	writer-inventory-and-dirty-consumer-owner	chapter-14-and-qualification-plan	../../rfcs/0021-crucible-paged-ram/10-validation-and-performance.md	not-certified-by-this-design-inventory
TRACK-2	../../rfcs/0021-crucible-paged-ram/03-write-tracking-and-fingerprints.md	writer-inventory-and-dirty-consumer-owner	chapter-14-and-qualification-plan	../../rfcs/0021-crucible-paged-ram/10-validation-and-performance.md	not-certified-by-this-design-inventory
TRACK-3	../../rfcs/0021-crucible-paged-ram/03-write-tracking-and-fingerprints.md	writer-inventory-and-dirty-consumer-owner	chapter-14-and-qualification-plan	../../rfcs/0021-crucible-paged-ram/10-validation-and-performance.md	not-certified-by-this-design-inventory
TRACK-4	../../rfcs/0021-crucible-paged-ram/03-write-tracking-and-fingerprints.md	writer-inventory-and-dirty-consumer-owner	chapter-14-and-qualification-plan	../../rfcs/0021-crucible-paged-ram/10-validation-and-performance.md	not-certified-by-this-design-inventory
TRACK-5	../../rfcs/0021-crucible-paged-ram/03-write-tracking-and-fingerprints.md	writer-inventory-and-dirty-consumer-owner	chapter-14-and-qualification-plan	../../rfcs/0021-crucible-paged-ram/10-validation-and-performance.md	not-certified-by-this-design-inventory
TRACK-6	../../rfcs/0021-crucible-paged-ram/03-write-tracking-and-fingerprints.md	writer-inventory-and-dirty-consumer-owner	chapter-14-and-qualification-plan	../../rfcs/0021-crucible-paged-ram/10-validation-and-performance.md	not-certified-by-this-design-inventory
TRACK-7	../../rfcs/0021-crucible-paged-ram/03-write-tracking-and-fingerprints.md	writer-inventory-and-dirty-consumer-owner	chapter-14-and-qualification-plan	../../rfcs/0021-crucible-paged-ram/10-validation-and-performance.md	not-certified-by-this-design-inventory
TRACK-17	../../rfcs/0021-crucible-paged-ram/03-write-tracking-and-fingerprints.md	writer-inventory-and-dirty-consumer-owner	chapter-14-and-qualification-plan	../../rfcs/0021-crucible-paged-ram/10-validation-and-performance.md	not-certified-by-this-design-inventory
TRACK-18	../../rfcs/0021-crucible-paged-ram/03-write-tracking-and-fingerprints.md	writer-inventory-and-dirty-consumer-owner	chapter-14-and-qualification-plan	../../rfcs/0021-crucible-paged-ram/10-validation-and-performance.md	not-certified-by-this-design-inventory
TRACK-19	../../rfcs/0021-crucible-paged-ram/03-write-tracking-and-fingerprints.md	writer-inventory-and-dirty-consumer-owner	chapter-14-and-qualification-plan	../../rfcs/0021-crucible-paged-ram/10-validation-and-performance.md	not-certified-by-this-design-inventory
TRACK-8	../../rfcs/0021-crucible-paged-ram/03-write-tracking-and-fingerprints.md	writer-inventory-and-dirty-consumer-owner	chapter-14-and-qualification-plan	../../rfcs/0021-crucible-paged-ram/10-validation-and-performance.md	not-certified-by-this-design-inventory
TRACK-9	../../rfcs/0021-crucible-paged-ram/03-write-tracking-and-fingerprints.md	writer-inventory-and-dirty-consumer-owner	chapter-14-and-qualification-plan	../../rfcs/0021-crucible-paged-ram/10-validation-and-performance.md	not-certified-by-this-design-inventory
TRACK-10	../../rfcs/0021-crucible-paged-ram/03-write-tracking-and-fingerprints.md	writer-inventory-and-dirty-consumer-owner	chapter-14-and-qualification-plan	../../rfcs/0021-crucible-paged-ram/10-validation-and-performance.md	not-certified-by-this-design-inventory
TRACK-11	../../rfcs/0021-crucible-paged-ram/03-write-tracking-and-fingerprints.md	writer-inventory-and-dirty-consumer-owner	chapter-14-and-qualification-plan	../../rfcs/0021-crucible-paged-ram/10-validation-and-performance.md	not-certified-by-this-design-inventory
FP-1	../../rfcs/0021-crucible-paged-ram/03-write-tracking-and-fingerprints.md	coherent-fingerprint-and-oracle-owner	chapter-14-and-qualification-plan	../../rfcs/0021-crucible-paged-ram/10-validation-and-performance.md	not-certified-by-this-design-inventory
FP-2	../../rfcs/0021-crucible-paged-ram/03-write-tracking-and-fingerprints.md	coherent-fingerprint-and-oracle-owner	chapter-14-and-qualification-plan	../../rfcs/0021-crucible-paged-ram/10-validation-and-performance.md	not-certified-by-this-design-inventory
FP-3	../../rfcs/0021-crucible-paged-ram/03-write-tracking-and-fingerprints.md	coherent-fingerprint-and-oracle-owner	chapter-14-and-qualification-plan	../../rfcs/0021-crucible-paged-ram/10-validation-and-performance.md	not-certified-by-this-design-inventory
FP-4	../../rfcs/0021-crucible-paged-ram/03-write-tracking-and-fingerprints.md	coherent-fingerprint-and-oracle-owner	chapter-14-and-qualification-plan	../../rfcs/0021-crucible-paged-ram/10-validation-and-performance.md	not-certified-by-this-design-inventory
FP-5	../../rfcs/0021-crucible-paged-ram/03-write-tracking-and-fingerprints.md	coherent-fingerprint-and-oracle-owner	chapter-14-and-qualification-plan	../../rfcs/0021-crucible-paged-ram/10-validation-and-performance.md	not-certified-by-this-design-inventory
FP-6	../../rfcs/0021-crucible-paged-ram/03-write-tracking-and-fingerprints.md	coherent-fingerprint-and-oracle-owner	chapter-14-and-qualification-plan	../../rfcs/0021-crucible-paged-ram/10-validation-and-performance.md	not-certified-by-this-design-inventory
FP-7	../../rfcs/0021-crucible-paged-ram/03-write-tracking-and-fingerprints.md	coherent-fingerprint-and-oracle-owner	chapter-14-and-qualification-plan	../../rfcs/0021-crucible-paged-ram/10-validation-and-performance.md	not-certified-by-this-design-inventory
TRACK-12	../../rfcs/0021-crucible-paged-ram/03-write-tracking-and-fingerprints.md	writer-inventory-and-dirty-consumer-owner	chapter-14-and-qualification-plan	../../rfcs/0021-crucible-paged-ram/10-validation-and-performance.md	not-certified-by-this-design-inventory
TRACK-13	../../rfcs/0021-crucible-paged-ram/03-write-tracking-and-fingerprints.md	writer-inventory-and-dirty-consumer-owner	chapter-14-and-qualification-plan	../../rfcs/0021-crucible-paged-ram/10-validation-and-performance.md	not-certified-by-this-design-inventory
TRACK-20	../../rfcs/0021-crucible-paged-ram/03-write-tracking-and-fingerprints.md	writer-inventory-and-dirty-consumer-owner	chapter-14-and-qualification-plan	../../rfcs/0021-crucible-paged-ram/10-validation-and-performance.md	not-certified-by-this-design-inventory
TRACK-14	../../rfcs/0021-crucible-paged-ram/03-write-tracking-and-fingerprints.md	writer-inventory-and-dirty-consumer-owner	chapter-14-and-qualification-plan	../../rfcs/0021-crucible-paged-ram/10-validation-and-performance.md	not-certified-by-this-design-inventory
TRACK-15	../../rfcs/0021-crucible-paged-ram/03-write-tracking-and-fingerprints.md	writer-inventory-and-dirty-consumer-owner	chapter-14-and-qualification-plan	../../rfcs/0021-crucible-paged-ram/10-validation-and-performance.md	not-certified-by-this-design-inventory
TRACK-16	../../rfcs/0021-crucible-paged-ram/03-write-tracking-and-fingerprints.md	writer-inventory-and-dirty-consumer-owner	chapter-14-and-qualification-plan	../../rfcs/0021-crucible-paged-ram/10-validation-and-performance.md	not-certified-by-this-design-inventory
FP-8	../../rfcs/0021-crucible-paged-ram/03-write-tracking-and-fingerprints.md	coherent-fingerprint-and-oracle-owner	chapter-14-and-qualification-plan	../../rfcs/0021-crucible-paged-ram/10-validation-and-performance.md	not-certified-by-this-design-inventory
FP-9	../../rfcs/0021-crucible-paged-ram/03-write-tracking-and-fingerprints.md	coherent-fingerprint-and-oracle-owner	chapter-14-and-qualification-plan	../../rfcs/0021-crucible-paged-ram/10-validation-and-performance.md	not-certified-by-this-design-inventory
FP-10	../../rfcs/0021-crucible-paged-ram/03-write-tracking-and-fingerprints.md	coherent-fingerprint-and-oracle-owner	chapter-14-and-qualification-plan	../../rfcs/0021-crucible-paged-ram/10-validation-and-performance.md	not-certified-by-this-design-inventory
FP-11	../../rfcs/0021-crucible-paged-ram/03-write-tracking-and-fingerprints.md	coherent-fingerprint-and-oracle-owner	chapter-14-and-qualification-plan	../../rfcs/0021-crucible-paged-ram/10-validation-and-performance.md	not-certified-by-this-design-inventory
FP-12	../../rfcs/0021-crucible-paged-ram/03-write-tracking-and-fingerprints.md	coherent-fingerprint-and-oracle-owner	chapter-14-and-qualification-plan	../../rfcs/0021-crucible-paged-ram/10-validation-and-performance.md	not-certified-by-this-design-inventory
FP-13	../../rfcs/0021-crucible-paged-ram/03-write-tracking-and-fingerprints.md	coherent-fingerprint-and-oracle-owner	chapter-14-and-qualification-plan	../../rfcs/0021-crucible-paged-ram/10-validation-and-performance.md	not-certified-by-this-design-inventory
PAGER-1	../../rfcs/0021-crucible-paged-ram/04-host-paging.md	mapping-fault-service-and-physical-lifetime-owner	chapter-14-and-qualification-plan	../../rfcs/0021-crucible-paged-ram/10-validation-and-performance.md	not-certified-by-this-design-inventory
PAGER-2	../../rfcs/0021-crucible-paged-ram/04-host-paging.md	mapping-fault-service-and-physical-lifetime-owner	chapter-14-and-qualification-plan	../../rfcs/0021-crucible-paged-ram/10-validation-and-performance.md	not-certified-by-this-design-inventory
PAGER-3	../../rfcs/0021-crucible-paged-ram/04-host-paging.md	mapping-fault-service-and-physical-lifetime-owner	chapter-14-and-qualification-plan	../../rfcs/0021-crucible-paged-ram/10-validation-and-performance.md	not-certified-by-this-design-inventory
PAGER-22	../../rfcs/0021-crucible-paged-ram/04-host-paging.md	mapping-fault-service-and-physical-lifetime-owner	chapter-14-and-qualification-plan	../../rfcs/0021-crucible-paged-ram/10-validation-and-performance.md	not-certified-by-this-design-inventory
PAGER-4	../../rfcs/0021-crucible-paged-ram/04-host-paging.md	mapping-fault-service-and-physical-lifetime-owner	chapter-14-and-qualification-plan	../../rfcs/0021-crucible-paged-ram/10-validation-and-performance.md	not-certified-by-this-design-inventory
PAGER-5	../../rfcs/0021-crucible-paged-ram/04-host-paging.md	mapping-fault-service-and-physical-lifetime-owner	chapter-14-and-qualification-plan	../../rfcs/0021-crucible-paged-ram/10-validation-and-performance.md	not-certified-by-this-design-inventory
PAGER-6	../../rfcs/0021-crucible-paged-ram/04-host-paging.md	mapping-fault-service-and-physical-lifetime-owner	chapter-14-and-qualification-plan	../../rfcs/0021-crucible-paged-ram/10-validation-and-performance.md	not-certified-by-this-design-inventory
PAGER-7	../../rfcs/0021-crucible-paged-ram/04-host-paging.md	mapping-fault-service-and-physical-lifetime-owner	chapter-14-and-qualification-plan	../../rfcs/0021-crucible-paged-ram/10-validation-and-performance.md	not-certified-by-this-design-inventory
PAGER-8	../../rfcs/0021-crucible-paged-ram/04-host-paging.md	mapping-fault-service-and-physical-lifetime-owner	chapter-14-and-qualification-plan	../../rfcs/0021-crucible-paged-ram/10-validation-and-performance.md	not-certified-by-this-design-inventory
PAGER-9	../../rfcs/0021-crucible-paged-ram/04-host-paging.md	mapping-fault-service-and-physical-lifetime-owner	chapter-14-and-qualification-plan	../../rfcs/0021-crucible-paged-ram/10-validation-and-performance.md	not-certified-by-this-design-inventory
PAGER-10	../../rfcs/0021-crucible-paged-ram/04-host-paging.md	mapping-fault-service-and-physical-lifetime-owner	chapter-14-and-qualification-plan	../../rfcs/0021-crucible-paged-ram/10-validation-and-performance.md	not-certified-by-this-design-inventory
PAGER-23	../../rfcs/0021-crucible-paged-ram/04-host-paging.md	mapping-fault-service-and-physical-lifetime-owner	chapter-14-and-qualification-plan	../../rfcs/0021-crucible-paged-ram/10-validation-and-performance.md	not-certified-by-this-design-inventory
PAGER-24	../../rfcs/0021-crucible-paged-ram/04-host-paging.md	mapping-fault-service-and-physical-lifetime-owner	chapter-14-and-qualification-plan	../../rfcs/0021-crucible-paged-ram/10-validation-and-performance.md	not-certified-by-this-design-inventory
PAGER-11	../../rfcs/0021-crucible-paged-ram/04-host-paging.md	mapping-fault-service-and-physical-lifetime-owner	chapter-14-and-qualification-plan	../../rfcs/0021-crucible-paged-ram/10-validation-and-performance.md	not-certified-by-this-design-inventory
PAGER-12	../../rfcs/0021-crucible-paged-ram/04-host-paging.md	mapping-fault-service-and-physical-lifetime-owner	chapter-14-and-qualification-plan	../../rfcs/0021-crucible-paged-ram/10-validation-and-performance.md	not-certified-by-this-design-inventory
PAGER-13	../../rfcs/0021-crucible-paged-ram/04-host-paging.md	mapping-fault-service-and-physical-lifetime-owner	chapter-14-and-qualification-plan	../../rfcs/0021-crucible-paged-ram/10-validation-and-performance.md	not-certified-by-this-design-inventory
PAGER-14	../../rfcs/0021-crucible-paged-ram/04-host-paging.md	mapping-fault-service-and-physical-lifetime-owner	chapter-14-and-qualification-plan	../../rfcs/0021-crucible-paged-ram/10-validation-and-performance.md	not-certified-by-this-design-inventory
PAGER-15	../../rfcs/0021-crucible-paged-ram/04-host-paging.md	mapping-fault-service-and-physical-lifetime-owner	chapter-14-and-qualification-plan	../../rfcs/0021-crucible-paged-ram/10-validation-and-performance.md	not-certified-by-this-design-inventory
PAGER-16	../../rfcs/0021-crucible-paged-ram/04-host-paging.md	mapping-fault-service-and-physical-lifetime-owner	chapter-14-and-qualification-plan	../../rfcs/0021-crucible-paged-ram/10-validation-and-performance.md	not-certified-by-this-design-inventory
PAGER-17	../../rfcs/0021-crucible-paged-ram/04-host-paging.md	mapping-fault-service-and-physical-lifetime-owner	chapter-14-and-qualification-plan	../../rfcs/0021-crucible-paged-ram/10-validation-and-performance.md	not-certified-by-this-design-inventory
PAGER-18	../../rfcs/0021-crucible-paged-ram/04-host-paging.md	mapping-fault-service-and-physical-lifetime-owner	chapter-14-and-qualification-plan	../../rfcs/0021-crucible-paged-ram/10-validation-and-performance.md	not-certified-by-this-design-inventory
PAGER-19	../../rfcs/0021-crucible-paged-ram/04-host-paging.md	mapping-fault-service-and-physical-lifetime-owner	chapter-14-and-qualification-plan	../../rfcs/0021-crucible-paged-ram/10-validation-and-performance.md	not-certified-by-this-design-inventory
PAGER-20	../../rfcs/0021-crucible-paged-ram/04-host-paging.md	mapping-fault-service-and-physical-lifetime-owner	chapter-14-and-qualification-plan	../../rfcs/0021-crucible-paged-ram/10-validation-and-performance.md	not-certified-by-this-design-inventory
PAGER-21	../../rfcs/0021-crucible-paged-ram/04-host-paging.md	mapping-fault-service-and-physical-lifetime-owner	chapter-14-and-qualification-plan	../../rfcs/0021-crucible-paged-ram/10-validation-and-performance.md	not-certified-by-this-design-inventory
POLICY-1	../../rfcs/0021-crucible-paged-ram/05-runtime-policy-and-supervision.md	runtime-policy-and-resource-owner	chapter-14-and-qualification-plan	../../rfcs/0021-crucible-paged-ram/10-validation-and-performance.md	not-certified-by-this-design-inventory
POLICY-2	../../rfcs/0021-crucible-paged-ram/05-runtime-policy-and-supervision.md	runtime-policy-and-resource-owner	chapter-14-and-qualification-plan	../../rfcs/0021-crucible-paged-ram/10-validation-and-performance.md	not-certified-by-this-design-inventory
POLICY-3	../../rfcs/0021-crucible-paged-ram/05-runtime-policy-and-supervision.md	runtime-policy-and-resource-owner	chapter-14-and-qualification-plan	../../rfcs/0021-crucible-paged-ram/10-validation-and-performance.md	not-certified-by-this-design-inventory
POLICY-12	../../rfcs/0021-crucible-paged-ram/05-runtime-policy-and-supervision.md	runtime-policy-and-resource-owner	chapter-14-and-qualification-plan	../../rfcs/0021-crucible-paged-ram/10-validation-and-performance.md	not-certified-by-this-design-inventory
POLICY-4	../../rfcs/0021-crucible-paged-ram/05-runtime-policy-and-supervision.md	runtime-policy-and-resource-owner	chapter-14-and-qualification-plan	../../rfcs/0021-crucible-paged-ram/10-validation-and-performance.md	not-certified-by-this-design-inventory
POLICY-5	../../rfcs/0021-crucible-paged-ram/05-runtime-policy-and-supervision.md	runtime-policy-and-resource-owner	chapter-14-and-qualification-plan	../../rfcs/0021-crucible-paged-ram/10-validation-and-performance.md	not-certified-by-this-design-inventory
POLICY-6	../../rfcs/0021-crucible-paged-ram/05-runtime-policy-and-supervision.md	runtime-policy-and-resource-owner	chapter-14-and-qualification-plan	../../rfcs/0021-crucible-paged-ram/10-validation-and-performance.md	not-certified-by-this-design-inventory
POLICY-11	../../rfcs/0021-crucible-paged-ram/05-runtime-policy-and-supervision.md	runtime-policy-and-resource-owner	chapter-14-and-qualification-plan	../../rfcs/0021-crucible-paged-ram/10-validation-and-performance.md	not-certified-by-this-design-inventory
POLICY-7	../../rfcs/0021-crucible-paged-ram/05-runtime-policy-and-supervision.md	runtime-policy-and-resource-owner	chapter-14-and-qualification-plan	../../rfcs/0021-crucible-paged-ram/10-validation-and-performance.md	not-certified-by-this-design-inventory
POLICY-8	../../rfcs/0021-crucible-paged-ram/05-runtime-policy-and-supervision.md	runtime-policy-and-resource-owner	chapter-14-and-qualification-plan	../../rfcs/0021-crucible-paged-ram/10-validation-and-performance.md	not-certified-by-this-design-inventory
RESOURCE-1	../../rfcs/0021-crucible-paged-ram/05-runtime-policy-and-supervision.md	resource-admission-and-custody-owner	chapter-14-and-qualification-plan	../../rfcs/0021-crucible-paged-ram/10-validation-and-performance.md	not-certified-by-this-design-inventory
RESOURCE-7	../../rfcs/0021-crucible-paged-ram/05-runtime-policy-and-supervision.md	resource-admission-and-custody-owner	chapter-14-and-qualification-plan	../../rfcs/0021-crucible-paged-ram/10-validation-and-performance.md	not-certified-by-this-design-inventory
RESOURCE-2	../../rfcs/0021-crucible-paged-ram/05-runtime-policy-and-supervision.md	resource-admission-and-custody-owner	chapter-14-and-qualification-plan	../../rfcs/0021-crucible-paged-ram/10-validation-and-performance.md	not-certified-by-this-design-inventory
RESOURCE-3	../../rfcs/0021-crucible-paged-ram/05-runtime-policy-and-supervision.md	resource-admission-and-custody-owner	chapter-14-and-qualification-plan	../../rfcs/0021-crucible-paged-ram/10-validation-and-performance.md	not-certified-by-this-design-inventory
RESOURCE-4	../../rfcs/0021-crucible-paged-ram/05-runtime-policy-and-supervision.md	resource-admission-and-custody-owner	chapter-14-and-qualification-plan	../../rfcs/0021-crucible-paged-ram/10-validation-and-performance.md	not-certified-by-this-design-inventory
RESOURCE-5	../../rfcs/0021-crucible-paged-ram/05-runtime-policy-and-supervision.md	resource-admission-and-custody-owner	chapter-14-and-qualification-plan	../../rfcs/0021-crucible-paged-ram/10-validation-and-performance.md	not-certified-by-this-design-inventory
RESOURCE-6	../../rfcs/0021-crucible-paged-ram/05-runtime-policy-and-supervision.md	resource-admission-and-custody-owner	chapter-14-and-qualification-plan	../../rfcs/0021-crucible-paged-ram/10-validation-and-performance.md	not-certified-by-this-design-inventory
TIME-1	../../rfcs/0021-crucible-paged-ram/05-runtime-policy-and-supervision.md	operation-supervision-owner	chapter-14-and-qualification-plan	../../rfcs/0021-crucible-paged-ram/10-validation-and-performance.md	not-certified-by-this-design-inventory
TIME-9	../../rfcs/0021-crucible-paged-ram/05-runtime-policy-and-supervision.md	operation-supervision-owner	chapter-14-and-qualification-plan	../../rfcs/0021-crucible-paged-ram/10-validation-and-performance.md	not-certified-by-this-design-inventory
TIME-2	../../rfcs/0021-crucible-paged-ram/05-runtime-policy-and-supervision.md	operation-supervision-owner	chapter-14-and-qualification-plan	../../rfcs/0021-crucible-paged-ram/10-validation-and-performance.md	not-certified-by-this-design-inventory
TIME-3	../../rfcs/0021-crucible-paged-ram/05-runtime-policy-and-supervision.md	operation-supervision-owner	chapter-14-and-qualification-plan	../../rfcs/0021-crucible-paged-ram/10-validation-and-performance.md	not-certified-by-this-design-inventory
TIME-4	../../rfcs/0021-crucible-paged-ram/05-runtime-policy-and-supervision.md	operation-supervision-owner	chapter-14-and-qualification-plan	../../rfcs/0021-crucible-paged-ram/10-validation-and-performance.md	not-certified-by-this-design-inventory
TIME-5	../../rfcs/0021-crucible-paged-ram/05-runtime-policy-and-supervision.md	operation-supervision-owner	chapter-14-and-qualification-plan	../../rfcs/0021-crucible-paged-ram/10-validation-and-performance.md	not-certified-by-this-design-inventory
TIME-10	../../rfcs/0021-crucible-paged-ram/05-runtime-policy-and-supervision.md	operation-supervision-owner	chapter-14-and-qualification-plan	../../rfcs/0021-crucible-paged-ram/10-validation-and-performance.md	not-certified-by-this-design-inventory
TIME-11	../../rfcs/0021-crucible-paged-ram/05-runtime-policy-and-supervision.md	operation-supervision-owner	chapter-14-and-qualification-plan	../../rfcs/0021-crucible-paged-ram/10-validation-and-performance.md	not-certified-by-this-design-inventory
TIME-6	../../rfcs/0021-crucible-paged-ram/05-runtime-policy-and-supervision.md	operation-supervision-owner	chapter-14-and-qualification-plan	../../rfcs/0021-crucible-paged-ram/10-validation-and-performance.md	not-certified-by-this-design-inventory
POLICY-9	../../rfcs/0021-crucible-paged-ram/05-runtime-policy-and-supervision.md	runtime-policy-and-resource-owner	chapter-14-and-qualification-plan	../../rfcs/0021-crucible-paged-ram/10-validation-and-performance.md	not-certified-by-this-design-inventory
TIME-7	../../rfcs/0021-crucible-paged-ram/05-runtime-policy-and-supervision.md	operation-supervision-owner	chapter-14-and-qualification-plan	../../rfcs/0021-crucible-paged-ram/10-validation-and-performance.md	not-certified-by-this-design-inventory
TIME-8	../../rfcs/0021-crucible-paged-ram/05-runtime-policy-and-supervision.md	operation-supervision-owner	chapter-14-and-qualification-plan	../../rfcs/0021-crucible-paged-ram/10-validation-and-performance.md	not-certified-by-this-design-inventory
POLICY-10	../../rfcs/0021-crucible-paged-ram/05-runtime-policy-and-supervision.md	runtime-policy-and-resource-owner	chapter-14-and-qualification-plan	../../rfcs/0021-crucible-paged-ram/10-validation-and-performance.md	not-certified-by-this-design-inventory
FORK-1	../../rfcs/0021-crucible-paged-ram/06-hot-fork-and-lifecycle.md	branch-reconstruction-owner	chapter-14-and-qualification-plan	../../rfcs/0021-crucible-paged-ram/10-validation-and-performance.md	not-certified-by-this-design-inventory
FORK-2	../../rfcs/0021-crucible-paged-ram/06-hot-fork-and-lifecycle.md	branch-reconstruction-owner	chapter-14-and-qualification-plan	../../rfcs/0021-crucible-paged-ram/10-validation-and-performance.md	not-certified-by-this-design-inventory
FORK-3	../../rfcs/0021-crucible-paged-ram/06-hot-fork-and-lifecycle.md	branch-reconstruction-owner	chapter-14-and-qualification-plan	../../rfcs/0021-crucible-paged-ram/10-validation-and-performance.md	not-certified-by-this-design-inventory
FORK-4	../../rfcs/0021-crucible-paged-ram/06-hot-fork-and-lifecycle.md	branch-reconstruction-owner	chapter-14-and-qualification-plan	../../rfcs/0021-crucible-paged-ram/10-validation-and-performance.md	not-certified-by-this-design-inventory
FORK-5	../../rfcs/0021-crucible-paged-ram/06-hot-fork-and-lifecycle.md	branch-reconstruction-owner	chapter-14-and-qualification-plan	../../rfcs/0021-crucible-paged-ram/10-validation-and-performance.md	not-certified-by-this-design-inventory
FORK-6	../../rfcs/0021-crucible-paged-ram/06-hot-fork-and-lifecycle.md	branch-reconstruction-owner	chapter-14-and-qualification-plan	../../rfcs/0021-crucible-paged-ram/10-validation-and-performance.md	not-certified-by-this-design-inventory
FORK-7	../../rfcs/0021-crucible-paged-ram/06-hot-fork-and-lifecycle.md	branch-reconstruction-owner	chapter-14-and-qualification-plan	../../rfcs/0021-crucible-paged-ram/10-validation-and-performance.md	not-certified-by-this-design-inventory
FORK-8	../../rfcs/0021-crucible-paged-ram/06-hot-fork-and-lifecycle.md	branch-reconstruction-owner	chapter-14-and-qualification-plan	../../rfcs/0021-crucible-paged-ram/10-validation-and-performance.md	not-certified-by-this-design-inventory
FORK-9	../../rfcs/0021-crucible-paged-ram/06-hot-fork-and-lifecycle.md	branch-reconstruction-owner	chapter-14-and-qualification-plan	../../rfcs/0021-crucible-paged-ram/10-validation-and-performance.md	not-certified-by-this-design-inventory
FORK-10	../../rfcs/0021-crucible-paged-ram/06-hot-fork-and-lifecycle.md	branch-reconstruction-owner	chapter-14-and-qualification-plan	../../rfcs/0021-crucible-paged-ram/10-validation-and-performance.md	not-certified-by-this-design-inventory
FORK-11	../../rfcs/0021-crucible-paged-ram/06-hot-fork-and-lifecycle.md	branch-reconstruction-owner	chapter-14-and-qualification-plan	../../rfcs/0021-crucible-paged-ram/10-validation-and-performance.md	not-certified-by-this-design-inventory
FORK-12	../../rfcs/0021-crucible-paged-ram/06-hot-fork-and-lifecycle.md	branch-reconstruction-owner	chapter-14-and-qualification-plan	../../rfcs/0021-crucible-paged-ram/10-validation-and-performance.md	not-certified-by-this-design-inventory
FORK-13	../../rfcs/0021-crucible-paged-ram/06-hot-fork-and-lifecycle.md	branch-reconstruction-owner	chapter-14-and-qualification-plan	../../rfcs/0021-crucible-paged-ram/10-validation-and-performance.md	not-certified-by-this-design-inventory
FORK-14	../../rfcs/0021-crucible-paged-ram/06-hot-fork-and-lifecycle.md	branch-reconstruction-owner	chapter-14-and-qualification-plan	../../rfcs/0021-crucible-paged-ram/10-validation-and-performance.md	not-certified-by-this-design-inventory
FORK-15	../../rfcs/0021-crucible-paged-ram/06-hot-fork-and-lifecycle.md	branch-reconstruction-owner	chapter-14-and-qualification-plan	../../rfcs/0021-crucible-paged-ram/10-validation-and-performance.md	not-certified-by-this-design-inventory
FORK-16	../../rfcs/0021-crucible-paged-ram/06-hot-fork-and-lifecycle.md	branch-reconstruction-owner	chapter-14-and-qualification-plan	../../rfcs/0021-crucible-paged-ram/10-validation-and-performance.md	not-certified-by-this-design-inventory
FORK-17	../../rfcs/0021-crucible-paged-ram/06-hot-fork-and-lifecycle.md	branch-reconstruction-owner	chapter-14-and-qualification-plan	../../rfcs/0021-crucible-paged-ram/10-validation-and-performance.md	not-certified-by-this-design-inventory
FORK-18	../../rfcs/0021-crucible-paged-ram/06-hot-fork-and-lifecycle.md	branch-reconstruction-owner	chapter-14-and-qualification-plan	../../rfcs/0021-crucible-paged-ram/10-validation-and-performance.md	not-certified-by-this-design-inventory
FORK-19	../../rfcs/0021-crucible-paged-ram/06-hot-fork-and-lifecycle.md	branch-reconstruction-owner	chapter-14-and-qualification-plan	../../rfcs/0021-crucible-paged-ram/10-validation-and-performance.md	not-certified-by-this-design-inventory
LIFE-1	../../rfcs/0021-crucible-paged-ram/06-hot-fork-and-lifecycle.md	source-child-and-retirement-owner	chapter-14-and-qualification-plan	../../rfcs/0021-crucible-paged-ram/10-validation-and-performance.md	not-certified-by-this-design-inventory
LIFE-2	../../rfcs/0021-crucible-paged-ram/06-hot-fork-and-lifecycle.md	source-child-and-retirement-owner	chapter-14-and-qualification-plan	../../rfcs/0021-crucible-paged-ram/10-validation-and-performance.md	not-certified-by-this-design-inventory
LIFE-3	../../rfcs/0021-crucible-paged-ram/06-hot-fork-and-lifecycle.md	source-child-and-retirement-owner	chapter-14-and-qualification-plan	../../rfcs/0021-crucible-paged-ram/10-validation-and-performance.md	not-certified-by-this-design-inventory
LIFE-4	../../rfcs/0021-crucible-paged-ram/06-hot-fork-and-lifecycle.md	source-child-and-retirement-owner	chapter-14-and-qualification-plan	../../rfcs/0021-crucible-paged-ram/10-validation-and-performance.md	not-certified-by-this-design-inventory
LIFE-5	../../rfcs/0021-crucible-paged-ram/06-hot-fork-and-lifecycle.md	source-child-and-retirement-owner	chapter-14-and-qualification-plan	../../rfcs/0021-crucible-paged-ram/10-validation-and-performance.md	not-certified-by-this-design-inventory
LIFE-6	../../rfcs/0021-crucible-paged-ram/06-hot-fork-and-lifecycle.md	source-child-and-retirement-owner	chapter-14-and-qualification-plan	../../rfcs/0021-crucible-paged-ram/10-validation-and-performance.md	not-certified-by-this-design-inventory
LIFE-7	../../rfcs/0021-crucible-paged-ram/06-hot-fork-and-lifecycle.md	source-child-and-retirement-owner	chapter-14-and-qualification-plan	../../rfcs/0021-crucible-paged-ram/10-validation-and-performance.md	not-certified-by-this-design-inventory
LIFE-8	../../rfcs/0021-crucible-paged-ram/06-hot-fork-and-lifecycle.md	source-child-and-retirement-owner	chapter-14-and-qualification-plan	../../rfcs/0021-crucible-paged-ram/10-validation-and-performance.md	not-certified-by-this-design-inventory
LIFE-9	../../rfcs/0021-crucible-paged-ram/06-hot-fork-and-lifecycle.md	source-child-and-retirement-owner	chapter-14-and-qualification-plan	../../rfcs/0021-crucible-paged-ram/10-validation-and-performance.md	not-certified-by-this-design-inventory
LIFE-10	../../rfcs/0021-crucible-paged-ram/06-hot-fork-and-lifecycle.md	source-child-and-retirement-owner	chapter-14-and-qualification-plan	../../rfcs/0021-crucible-paged-ram/10-validation-and-performance.md	not-certified-by-this-design-inventory
LIFE-11	../../rfcs/0021-crucible-paged-ram/06-hot-fork-and-lifecycle.md	source-child-and-retirement-owner	chapter-14-and-qualification-plan	../../rfcs/0021-crucible-paged-ram/10-validation-and-performance.md	not-certified-by-this-design-inventory
LIFE-12	../../rfcs/0021-crucible-paged-ram/06-hot-fork-and-lifecycle.md	source-child-and-retirement-owner	chapter-14-and-qualification-plan	../../rfcs/0021-crucible-paged-ram/10-validation-and-performance.md	not-certified-by-this-design-inventory
LIFE-13	../../rfcs/0021-crucible-paged-ram/06-hot-fork-and-lifecycle.md	source-child-and-retirement-owner	chapter-14-and-qualification-plan	../../rfcs/0021-crucible-paged-ram/10-validation-and-performance.md	not-certified-by-this-design-inventory
LIFE-14	../../rfcs/0021-crucible-paged-ram/06-hot-fork-and-lifecycle.md	source-child-and-retirement-owner	chapter-14-and-qualification-plan	../../rfcs/0021-crucible-paged-ram/10-validation-and-performance.md	not-certified-by-this-design-inventory
LIFE-15	../../rfcs/0021-crucible-paged-ram/06-hot-fork-and-lifecycle.md	source-child-and-retirement-owner	chapter-14-and-qualification-plan	../../rfcs/0021-crucible-paged-ram/10-validation-and-performance.md	not-certified-by-this-design-inventory
CHECK-1	../../rfcs/0021-crucible-paged-ram/07-checkpoints-and-storage.md	complete-capture-and-restore-owner	chapter-14-and-qualification-plan	../../rfcs/0021-crucible-paged-ram/10-validation-and-performance.md	not-certified-by-this-design-inventory
CHECK-2	../../rfcs/0021-crucible-paged-ram/07-checkpoints-and-storage.md	complete-capture-and-restore-owner	chapter-14-and-qualification-plan	../../rfcs/0021-crucible-paged-ram/10-validation-and-performance.md	not-certified-by-this-design-inventory
CHECK-3	../../rfcs/0021-crucible-paged-ram/07-checkpoints-and-storage.md	complete-capture-and-restore-owner	chapter-14-and-qualification-plan	../../rfcs/0021-crucible-paged-ram/10-validation-and-performance.md	not-certified-by-this-design-inventory
STORE-1	../../rfcs/0021-crucible-paged-ram/07-checkpoints-and-storage.md	authenticated-storage-and-collection-owner	chapter-14-and-qualification-plan	../../rfcs/0021-crucible-paged-ram/10-validation-and-performance.md	not-certified-by-this-design-inventory
CHECK-4	../../rfcs/0021-crucible-paged-ram/07-checkpoints-and-storage.md	complete-capture-and-restore-owner	chapter-14-and-qualification-plan	../../rfcs/0021-crucible-paged-ram/10-validation-and-performance.md	not-certified-by-this-design-inventory
CHECK-5	../../rfcs/0021-crucible-paged-ram/07-checkpoints-and-storage.md	complete-capture-and-restore-owner	chapter-14-and-qualification-plan	../../rfcs/0021-crucible-paged-ram/10-validation-and-performance.md	not-certified-by-this-design-inventory
CHECK-13	../../rfcs/0021-crucible-paged-ram/07-checkpoints-and-storage.md	complete-capture-and-restore-owner	chapter-14-and-qualification-plan	../../rfcs/0021-crucible-paged-ram/10-validation-and-performance.md	not-certified-by-this-design-inventory
CHECK-6	../../rfcs/0021-crucible-paged-ram/07-checkpoints-and-storage.md	complete-capture-and-restore-owner	chapter-14-and-qualification-plan	../../rfcs/0021-crucible-paged-ram/10-validation-and-performance.md	not-certified-by-this-design-inventory
CHECK-7	../../rfcs/0021-crucible-paged-ram/07-checkpoints-and-storage.md	complete-capture-and-restore-owner	chapter-14-and-qualification-plan	../../rfcs/0021-crucible-paged-ram/10-validation-and-performance.md	not-certified-by-this-design-inventory
CHECK-8	../../rfcs/0021-crucible-paged-ram/07-checkpoints-and-storage.md	complete-capture-and-restore-owner	chapter-14-and-qualification-plan	../../rfcs/0021-crucible-paged-ram/10-validation-and-performance.md	not-certified-by-this-design-inventory
STORE-2	../../rfcs/0021-crucible-paged-ram/07-checkpoints-and-storage.md	authenticated-storage-and-collection-owner	chapter-14-and-qualification-plan	../../rfcs/0021-crucible-paged-ram/10-validation-and-performance.md	not-certified-by-this-design-inventory
STORE-3	../../rfcs/0021-crucible-paged-ram/07-checkpoints-and-storage.md	authenticated-storage-and-collection-owner	chapter-14-and-qualification-plan	../../rfcs/0021-crucible-paged-ram/10-validation-and-performance.md	not-certified-by-this-design-inventory
STORE-4	../../rfcs/0021-crucible-paged-ram/07-checkpoints-and-storage.md	authenticated-storage-and-collection-owner	chapter-14-and-qualification-plan	../../rfcs/0021-crucible-paged-ram/10-validation-and-performance.md	not-certified-by-this-design-inventory
STORE-5	../../rfcs/0021-crucible-paged-ram/07-checkpoints-and-storage.md	authenticated-storage-and-collection-owner	chapter-14-and-qualification-plan	../../rfcs/0021-crucible-paged-ram/10-validation-and-performance.md	not-certified-by-this-design-inventory
STORE-6	../../rfcs/0021-crucible-paged-ram/07-checkpoints-and-storage.md	authenticated-storage-and-collection-owner	chapter-14-and-qualification-plan	../../rfcs/0021-crucible-paged-ram/10-validation-and-performance.md	not-certified-by-this-design-inventory
STORE-7	../../rfcs/0021-crucible-paged-ram/07-checkpoints-and-storage.md	authenticated-storage-and-collection-owner	chapter-14-and-qualification-plan	../../rfcs/0021-crucible-paged-ram/10-validation-and-performance.md	not-certified-by-this-design-inventory
STORE-8	../../rfcs/0021-crucible-paged-ram/07-checkpoints-and-storage.md	authenticated-storage-and-collection-owner	chapter-14-and-qualification-plan	../../rfcs/0021-crucible-paged-ram/10-validation-and-performance.md	not-certified-by-this-design-inventory
STORE-9	../../rfcs/0021-crucible-paged-ram/07-checkpoints-and-storage.md	authenticated-storage-and-collection-owner	chapter-14-and-qualification-plan	../../rfcs/0021-crucible-paged-ram/10-validation-and-performance.md	not-certified-by-this-design-inventory
CHECK-9	../../rfcs/0021-crucible-paged-ram/07-checkpoints-and-storage.md	complete-capture-and-restore-owner	chapter-14-and-qualification-plan	../../rfcs/0021-crucible-paged-ram/10-validation-and-performance.md	not-certified-by-this-design-inventory
CHECK-10	../../rfcs/0021-crucible-paged-ram/07-checkpoints-and-storage.md	complete-capture-and-restore-owner	chapter-14-and-qualification-plan	../../rfcs/0021-crucible-paged-ram/10-validation-and-performance.md	not-certified-by-this-design-inventory
CHECK-11	../../rfcs/0021-crucible-paged-ram/07-checkpoints-and-storage.md	complete-capture-and-restore-owner	chapter-14-and-qualification-plan	../../rfcs/0021-crucible-paged-ram/10-validation-and-performance.md	not-certified-by-this-design-inventory
CHECK-14	../../rfcs/0021-crucible-paged-ram/07-checkpoints-and-storage.md	complete-capture-and-restore-owner	chapter-14-and-qualification-plan	../../rfcs/0021-crucible-paged-ram/10-validation-and-performance.md	not-certified-by-this-design-inventory
STORE-10	../../rfcs/0021-crucible-paged-ram/07-checkpoints-and-storage.md	authenticated-storage-and-collection-owner	chapter-14-and-qualification-plan	../../rfcs/0021-crucible-paged-ram/10-validation-and-performance.md	not-certified-by-this-design-inventory
CHECK-12	../../rfcs/0021-crucible-paged-ram/07-checkpoints-and-storage.md	complete-capture-and-restore-owner	chapter-14-and-qualification-plan	../../rfcs/0021-crucible-paged-ram/10-validation-and-performance.md	not-certified-by-this-design-inventory
TRANSFER-1	../../rfcs/0021-crucible-paged-ram/08-state-transfer.md	authenticated-transfer-and-retention-owner	chapter-14-and-qualification-plan	../../rfcs/0021-crucible-paged-ram/10-validation-and-performance.md	not-certified-by-this-design-inventory
TRANSFER-2	../../rfcs/0021-crucible-paged-ram/08-state-transfer.md	authenticated-transfer-and-retention-owner	chapter-14-and-qualification-plan	../../rfcs/0021-crucible-paged-ram/10-validation-and-performance.md	not-certified-by-this-design-inventory
TRANSFER-3	../../rfcs/0021-crucible-paged-ram/08-state-transfer.md	authenticated-transfer-and-retention-owner	chapter-14-and-qualification-plan	../../rfcs/0021-crucible-paged-ram/10-validation-and-performance.md	not-certified-by-this-design-inventory
TRANSFER-4	../../rfcs/0021-crucible-paged-ram/08-state-transfer.md	authenticated-transfer-and-retention-owner	chapter-14-and-qualification-plan	../../rfcs/0021-crucible-paged-ram/10-validation-and-performance.md	not-certified-by-this-design-inventory
TRANSFER-5	../../rfcs/0021-crucible-paged-ram/08-state-transfer.md	authenticated-transfer-and-retention-owner	chapter-14-and-qualification-plan	../../rfcs/0021-crucible-paged-ram/10-validation-and-performance.md	not-certified-by-this-design-inventory
TRANSFER-6	../../rfcs/0021-crucible-paged-ram/08-state-transfer.md	authenticated-transfer-and-retention-owner	chapter-14-and-qualification-plan	../../rfcs/0021-crucible-paged-ram/10-validation-and-performance.md	not-certified-by-this-design-inventory
TRANSFER-7	../../rfcs/0021-crucible-paged-ram/08-state-transfer.md	authenticated-transfer-and-retention-owner	chapter-14-and-qualification-plan	../../rfcs/0021-crucible-paged-ram/10-validation-and-performance.md	not-certified-by-this-design-inventory
TRANSFER-8	../../rfcs/0021-crucible-paged-ram/08-state-transfer.md	authenticated-transfer-and-retention-owner	chapter-14-and-qualification-plan	../../rfcs/0021-crucible-paged-ram/10-validation-and-performance.md	not-certified-by-this-design-inventory
TRANSFER-9	../../rfcs/0021-crucible-paged-ram/08-state-transfer.md	authenticated-transfer-and-retention-owner	chapter-14-and-qualification-plan	../../rfcs/0021-crucible-paged-ram/10-validation-and-performance.md	not-certified-by-this-design-inventory
TRANSFER-17	../../rfcs/0021-crucible-paged-ram/08-state-transfer.md	authenticated-transfer-and-retention-owner	chapter-14-and-qualification-plan	../../rfcs/0021-crucible-paged-ram/10-validation-and-performance.md	not-certified-by-this-design-inventory
TRANSFER-10	../../rfcs/0021-crucible-paged-ram/08-state-transfer.md	authenticated-transfer-and-retention-owner	chapter-14-and-qualification-plan	../../rfcs/0021-crucible-paged-ram/10-validation-and-performance.md	not-certified-by-this-design-inventory
TRANSFER-11	../../rfcs/0021-crucible-paged-ram/08-state-transfer.md	authenticated-transfer-and-retention-owner	chapter-14-and-qualification-plan	../../rfcs/0021-crucible-paged-ram/10-validation-and-performance.md	not-certified-by-this-design-inventory
TRANSFER-12	../../rfcs/0021-crucible-paged-ram/08-state-transfer.md	authenticated-transfer-and-retention-owner	chapter-14-and-qualification-plan	../../rfcs/0021-crucible-paged-ram/10-validation-and-performance.md	not-certified-by-this-design-inventory
TRANSFER-13	../../rfcs/0021-crucible-paged-ram/08-state-transfer.md	authenticated-transfer-and-retention-owner	chapter-14-and-qualification-plan	../../rfcs/0021-crucible-paged-ram/10-validation-and-performance.md	not-certified-by-this-design-inventory
TRANSFER-14	../../rfcs/0021-crucible-paged-ram/08-state-transfer.md	authenticated-transfer-and-retention-owner	chapter-14-and-qualification-plan	../../rfcs/0021-crucible-paged-ram/10-validation-and-performance.md	not-certified-by-this-design-inventory
TRANSFER-15	../../rfcs/0021-crucible-paged-ram/08-state-transfer.md	authenticated-transfer-and-retention-owner	chapter-14-and-qualification-plan	../../rfcs/0021-crucible-paged-ram/10-validation-and-performance.md	not-certified-by-this-design-inventory
TRANSFER-16	../../rfcs/0021-crucible-paged-ram/08-state-transfer.md	authenticated-transfer-and-retention-owner	chapter-14-and-qualification-plan	../../rfcs/0021-crucible-paged-ram/10-validation-and-performance.md	not-certified-by-this-design-inventory
SEC-1	../../rfcs/0021-crucible-paged-ram/09-security-and-cutover.md	trust-and-process-boundary-owner	chapter-14-and-qualification-plan	../../rfcs/0021-crucible-paged-ram/10-validation-and-performance.md	not-certified-by-this-design-inventory
SEC-2	../../rfcs/0021-crucible-paged-ram/09-security-and-cutover.md	trust-and-process-boundary-owner	chapter-14-and-qualification-plan	../../rfcs/0021-crucible-paged-ram/10-validation-and-performance.md	not-certified-by-this-design-inventory
SEC-3	../../rfcs/0021-crucible-paged-ram/09-security-and-cutover.md	trust-and-process-boundary-owner	chapter-14-and-qualification-plan	../../rfcs/0021-crucible-paged-ram/10-validation-and-performance.md	not-certified-by-this-design-inventory
SEC-4	../../rfcs/0021-crucible-paged-ram/09-security-and-cutover.md	trust-and-process-boundary-owner	chapter-14-and-qualification-plan	../../rfcs/0021-crucible-paged-ram/10-validation-and-performance.md	not-certified-by-this-design-inventory
SEC-5	../../rfcs/0021-crucible-paged-ram/09-security-and-cutover.md	trust-and-process-boundary-owner	chapter-14-and-qualification-plan	../../rfcs/0021-crucible-paged-ram/10-validation-and-performance.md	not-certified-by-this-design-inventory
SEC-6	../../rfcs/0021-crucible-paged-ram/09-security-and-cutover.md	trust-and-process-boundary-owner	chapter-14-and-qualification-plan	../../rfcs/0021-crucible-paged-ram/10-validation-and-performance.md	not-certified-by-this-design-inventory
SEC-7	../../rfcs/0021-crucible-paged-ram/09-security-and-cutover.md	trust-and-process-boundary-owner	chapter-14-and-qualification-plan	../../rfcs/0021-crucible-paged-ram/10-validation-and-performance.md	not-certified-by-this-design-inventory
SEC-8	../../rfcs/0021-crucible-paged-ram/09-security-and-cutover.md	trust-and-process-boundary-owner	chapter-14-and-qualification-plan	../../rfcs/0021-crucible-paged-ram/10-validation-and-performance.md	not-certified-by-this-design-inventory
SEC-9	../../rfcs/0021-crucible-paged-ram/09-security-and-cutover.md	trust-and-process-boundary-owner	chapter-14-and-qualification-plan	../../rfcs/0021-crucible-paged-ram/10-validation-and-performance.md	not-certified-by-this-design-inventory
SEC-10	../../rfcs/0021-crucible-paged-ram/09-security-and-cutover.md	trust-and-process-boundary-owner	chapter-14-and-qualification-plan	../../rfcs/0021-crucible-paged-ram/10-validation-and-performance.md	not-certified-by-this-design-inventory
SEC-11	../../rfcs/0021-crucible-paged-ram/09-security-and-cutover.md	trust-and-process-boundary-owner	chapter-14-and-qualification-plan	../../rfcs/0021-crucible-paged-ram/10-validation-and-performance.md	not-certified-by-this-design-inventory
CUT-1	../../rfcs/0021-crucible-paged-ram/09-security-and-cutover.md	compatibility-and-release-owner	chapter-14-and-qualification-plan	../../rfcs/0021-crucible-paged-ram/10-validation-and-performance.md	not-certified-by-this-design-inventory
CUT-2	../../rfcs/0021-crucible-paged-ram/09-security-and-cutover.md	compatibility-and-release-owner	chapter-14-and-qualification-plan	../../rfcs/0021-crucible-paged-ram/10-validation-and-performance.md	not-certified-by-this-design-inventory
CUT-3	../../rfcs/0021-crucible-paged-ram/09-security-and-cutover.md	compatibility-and-release-owner	chapter-14-and-qualification-plan	../../rfcs/0021-crucible-paged-ram/10-validation-and-performance.md	not-certified-by-this-design-inventory
CUT-4	../../rfcs/0021-crucible-paged-ram/09-security-and-cutover.md	compatibility-and-release-owner	chapter-14-and-qualification-plan	../../rfcs/0021-crucible-paged-ram/10-validation-and-performance.md	not-certified-by-this-design-inventory
TEST-1	../../rfcs/0021-crucible-paged-ram/10-validation-and-performance.md	independent-qualification-owner	chapter-14-and-qualification-plan	../../rfcs/0021-crucible-paged-ram/10-validation-and-performance.md	not-certified-by-this-design-inventory
TEST-2	../../rfcs/0021-crucible-paged-ram/10-validation-and-performance.md	independent-qualification-owner	chapter-14-and-qualification-plan	../../rfcs/0021-crucible-paged-ram/10-validation-and-performance.md	not-certified-by-this-design-inventory
TEST-3	../../rfcs/0021-crucible-paged-ram/10-validation-and-performance.md	independent-qualification-owner	chapter-14-and-qualification-plan	../../rfcs/0021-crucible-paged-ram/10-validation-and-performance.md	not-certified-by-this-design-inventory
TEST-4	../../rfcs/0021-crucible-paged-ram/10-validation-and-performance.md	independent-qualification-owner	chapter-14-and-qualification-plan	../../rfcs/0021-crucible-paged-ram/10-validation-and-performance.md	not-certified-by-this-design-inventory
TEST-5	../../rfcs/0021-crucible-paged-ram/10-validation-and-performance.md	independent-qualification-owner	chapter-14-and-qualification-plan	../../rfcs/0021-crucible-paged-ram/10-validation-and-performance.md	not-certified-by-this-design-inventory
TEST-6	../../rfcs/0021-crucible-paged-ram/10-validation-and-performance.md	independent-qualification-owner	chapter-14-and-qualification-plan	../../rfcs/0021-crucible-paged-ram/10-validation-and-performance.md	not-certified-by-this-design-inventory
TEST-7	../../rfcs/0021-crucible-paged-ram/10-validation-and-performance.md	independent-qualification-owner	chapter-14-and-qualification-plan	../../rfcs/0021-crucible-paged-ram/10-validation-and-performance.md	not-certified-by-this-design-inventory
TEST-8	../../rfcs/0021-crucible-paged-ram/10-validation-and-performance.md	independent-qualification-owner	chapter-14-and-qualification-plan	../../rfcs/0021-crucible-paged-ram/10-validation-and-performance.md	not-certified-by-this-design-inventory
TEST-9	../../rfcs/0021-crucible-paged-ram/10-validation-and-performance.md	independent-qualification-owner	chapter-14-and-qualification-plan	../../rfcs/0021-crucible-paged-ram/10-validation-and-performance.md	not-certified-by-this-design-inventory
TEST-10	../../rfcs/0021-crucible-paged-ram/10-validation-and-performance.md	independent-qualification-owner	chapter-14-and-qualification-plan	../../rfcs/0021-crucible-paged-ram/10-validation-and-performance.md	not-certified-by-this-design-inventory
TEST-11	../../rfcs/0021-crucible-paged-ram/10-validation-and-performance.md	independent-qualification-owner	chapter-14-and-qualification-plan	../../rfcs/0021-crucible-paged-ram/10-validation-and-performance.md	not-certified-by-this-design-inventory
TEST-12	../../rfcs/0021-crucible-paged-ram/10-validation-and-performance.md	independent-qualification-owner	chapter-14-and-qualification-plan	../../rfcs/0021-crucible-paged-ram/10-validation-and-performance.md	not-certified-by-this-design-inventory
TEST-13	../../rfcs/0021-crucible-paged-ram/10-validation-and-performance.md	independent-qualification-owner	chapter-14-and-qualification-plan	../../rfcs/0021-crucible-paged-ram/10-validation-and-performance.md	not-certified-by-this-design-inventory
TEST-14	../../rfcs/0021-crucible-paged-ram/10-validation-and-performance.md	independent-qualification-owner	chapter-14-and-qualification-plan	../../rfcs/0021-crucible-paged-ram/10-validation-and-performance.md	not-certified-by-this-design-inventory
TEST-15	../../rfcs/0021-crucible-paged-ram/10-validation-and-performance.md	independent-qualification-owner	chapter-14-and-qualification-plan	../../rfcs/0021-crucible-paged-ram/10-validation-and-performance.md	not-certified-by-this-design-inventory
TEST-16	../../rfcs/0021-crucible-paged-ram/10-validation-and-performance.md	independent-qualification-owner	chapter-14-and-qualification-plan	../../rfcs/0021-crucible-paged-ram/10-validation-and-performance.md	not-certified-by-this-design-inventory
TEST-17	../../rfcs/0021-crucible-paged-ram/10-validation-and-performance.md	independent-qualification-owner	chapter-14-and-qualification-plan	../../rfcs/0021-crucible-paged-ram/10-validation-and-performance.md	not-certified-by-this-design-inventory
TEST-18	../../rfcs/0021-crucible-paged-ram/10-validation-and-performance.md	independent-qualification-owner	chapter-14-and-qualification-plan	../../rfcs/0021-crucible-paged-ram/10-validation-and-performance.md	not-certified-by-this-design-inventory
TEST-19	../../rfcs/0021-crucible-paged-ram/10-validation-and-performance.md	independent-qualification-owner	chapter-14-and-qualification-plan	../../rfcs/0021-crucible-paged-ram/10-validation-and-performance.md	not-certified-by-this-design-inventory
TEST-20	../../rfcs/0021-crucible-paged-ram/10-validation-and-performance.md	independent-qualification-owner	chapter-14-and-qualification-plan	../../rfcs/0021-crucible-paged-ram/10-validation-and-performance.md	not-certified-by-this-design-inventory
TEST-21	../../rfcs/0021-crucible-paged-ram/10-validation-and-performance.md	independent-qualification-owner	chapter-14-and-qualification-plan	../../rfcs/0021-crucible-paged-ram/10-validation-and-performance.md	not-certified-by-this-design-inventory
PERF-1	../../rfcs/0021-crucible-paged-ram/10-validation-and-performance.md	matched-performance-qualification-owner	chapter-14-and-qualification-plan	../../rfcs/0021-crucible-paged-ram/10-validation-and-performance.md	not-certified-by-this-design-inventory
PERF-2	../../rfcs/0021-crucible-paged-ram/10-validation-and-performance.md	matched-performance-qualification-owner	chapter-14-and-qualification-plan	../../rfcs/0021-crucible-paged-ram/10-validation-and-performance.md	not-certified-by-this-design-inventory
PERF-3	../../rfcs/0021-crucible-paged-ram/10-validation-and-performance.md	matched-performance-qualification-owner	chapter-14-and-qualification-plan	../../rfcs/0021-crucible-paged-ram/10-validation-and-performance.md	not-certified-by-this-design-inventory
PERF-4	../../rfcs/0021-crucible-paged-ram/10-validation-and-performance.md	matched-performance-qualification-owner	chapter-14-and-qualification-plan	../../rfcs/0021-crucible-paged-ram/10-validation-and-performance.md	not-certified-by-this-design-inventory
PERF-5	../../rfcs/0021-crucible-paged-ram/10-validation-and-performance.md	matched-performance-qualification-owner	chapter-14-and-qualification-plan	../../rfcs/0021-crucible-paged-ram/10-validation-and-performance.md	not-certified-by-this-design-inventory
PERF-7	../../rfcs/0021-crucible-paged-ram/10-validation-and-performance.md	matched-performance-qualification-owner	chapter-14-and-qualification-plan	../../rfcs/0021-crucible-paged-ram/10-validation-and-performance.md	not-certified-by-this-design-inventory
PERF-6	../../rfcs/0021-crucible-paged-ram/10-validation-and-performance.md	matched-performance-qualification-owner	chapter-14-and-qualification-plan	../../rfcs/0021-crucible-paged-ram/10-validation-and-performance.md	not-certified-by-this-design-inventory
PLAN-1	../../rfcs/0021-crucible-paged-ram/11-implementation-plan.md	release-conformance-owner	chapter-14-and-qualification-plan	../../rfcs/0021-crucible-paged-ram/10-validation-and-performance.md	not-certified-by-this-design-inventory
PLAN-2	../../rfcs/0021-crucible-paged-ram/11-implementation-plan.md	release-conformance-owner	chapter-14-and-qualification-plan	../../rfcs/0021-crucible-paged-ram/10-validation-and-performance.md	not-certified-by-this-design-inventory
PLAN-3	../../rfcs/0021-crucible-paged-ram/11-implementation-plan.md	release-conformance-owner	chapter-14-and-qualification-plan	../../rfcs/0021-crucible-paged-ram/10-validation-and-performance.md	not-certified-by-this-design-inventory
PLAN-4	../../rfcs/0021-crucible-paged-ram/11-implementation-plan.md	release-conformance-owner	chapter-14-and-qualification-plan	../../rfcs/0021-crucible-paged-ram/10-validation-and-performance.md	not-certified-by-this-design-inventory
PLAN-5	../../rfcs/0021-crucible-paged-ram/11-implementation-plan.md	release-conformance-owner	chapter-14-and-qualification-plan	../../rfcs/0021-crucible-paged-ram/10-validation-and-performance.md	not-certified-by-this-design-inventory
PROFILE-1	../../rfcs/0021-crucible-paged-ram/14-implementation-profiles.md	implementation-profile-admission-and-qualification-owner	chapter-14-and-qualification-plan	qualification-plan.md	not-certified-by-this-design-inventory
PROFILE-2	../../rfcs/0021-crucible-paged-ram/14-implementation-profiles.md	implementation-profile-admission-and-qualification-owner	chapter-14-and-qualification-plan	qualification-plan.md	not-certified-by-this-design-inventory
PROFILE-3	../../rfcs/0021-crucible-paged-ram/14-implementation-profiles.md	implementation-profile-admission-and-qualification-owner	chapter-14-and-qualification-plan	qualification-plan.md	not-certified-by-this-design-inventory
PROFILE-4	../../rfcs/0021-crucible-paged-ram/14-implementation-profiles.md	implementation-profile-admission-and-qualification-owner	chapter-14-and-qualification-plan	qualification-plan.md	not-certified-by-this-design-inventory
PROFILE-5	../../rfcs/0021-crucible-paged-ram/14-implementation-profiles.md	implementation-profile-admission-and-qualification-owner	chapter-14-and-qualification-plan	qualification-plan.md	not-certified-by-this-design-inventory
PROFILE-6	../../rfcs/0021-crucible-paged-ram/14-implementation-profiles.md	implementation-profile-admission-and-qualification-owner	chapter-14-and-qualification-plan	qualification-plan.md	not-certified-by-this-design-inventory
PROFILE-7	../../rfcs/0021-crucible-paged-ram/14-implementation-profiles.md	implementation-profile-admission-and-qualification-owner	chapter-14-and-qualification-plan	qualification-plan.md	not-certified-by-this-design-inventory
PROFILE-8	../../rfcs/0021-crucible-paged-ram/14-implementation-profiles.md	implementation-profile-admission-and-qualification-owner	chapter-14-and-qualification-plan	qualification-plan.md	not-certified-by-this-design-inventory
