algorithm,workload,logical_pages,changed_pages,hashes_per_iteration,preimage_bytes_per_iteration,iterations,sample,elapsed_ns,ns_per_iteration
blake3-host-pure,page-4096,0,0,1,4121,50000,0,351307089,7026.141
blake3-host-pure,page-4096,0,0,1,4121,50000,1,351276238,7025.524
blake3-host-pure,page-4096,0,0,1,4121,50000,2,351663336,7033.266
blake3-host-pure,page-4096,0,0,1,4121,50000,3,351392330,7027.846
blake3-host-pure,page-4096,0,0,1,4121,50000,4,351234338,7024.686
blake3-host-pure,final-partial-page-4095,0,0,1,4120,50000,0,351044903,7020.898
blake3-host-pure,final-partial-page-4095,0,0,1,4120,50000,1,350601005,7012.020
blake3-host-pure,final-partial-page-4095,0,0,1,4120,50000,2,350689347,7013.786
blake3-host-pure,final-partial-page-4095,0,0,1,4120,50000,3,351232197,7024.643
blake3-host-pure,final-partial-page-4095,0,0,1,4120,50000,4,350850410,7017.008
blake3-host-pure,final-partial-page-1,0,0,1,26,500000,0,66181993,132.363
blake3-host-pure,final-partial-page-1,0,0,1,26,500000,1,66421177,132.842
blake3-host-pure,final-partial-page-1,0,0,1,26,500000,2,66840185,133.680
blake3-host-pure,final-partial-page-1,0,0,1,26,500000,3,67272474,134.544
blake3-host-pure,final-partial-page-1,0,0,1,26,500000,4,66426968,132.853
blake3-host-pure,leaf,0,0,1,53,500000,0,63149294,126.298
blake3-host-pure,leaf,0,0,1,53,500000,1,62405590,124.811
blake3-host-pure,leaf,0,0,1,53,500000,2,62670354,125.340
blake3-host-pure,leaf,0,0,1,53,500000,3,63402599,126.805
blake3-host-pure,leaf,0,0,1,53,500000,4,64309157,128.618
blake3-host-pure,branch,0,0,1,89,500000,0,123609145,247.218
blake3-host-pure,branch,0,0,1,89,500000,1,121419004,242.838
blake3-host-pure,branch,0,0,1,89,500000,2,125032423,250.064
blake3-host-pure,branch,0,0,1,89,500000,3,122420053,244.840
blake3-host-pure,branch,0,0,1,89,500000,4,121180858,242.361
blake3-host-pure,region-tree,0,0,1,80,500000,0,125288058,250.576
blake3-host-pure,region-tree,0,0,1,80,500000,1,125435471,250.870
blake3-host-pure,region-tree,0,0,1,80,500000,2,125482182,250.964
blake3-host-pure,region-tree,0,0,1,80,500000,3,126980041,253.960
blake3-host-pure,region-tree,0,0,1,80,500000,4,125494563,250.989
blake3-host-pure,scoped-root-one-region,0,0,1,129,200000,0,76558633,382.793
blake3-host-pure,scoped-root-one-region,0,0,1,129,200000,1,77384490,386.922
blake3-host-pure,scoped-root-one-region,0,0,1,129,200000,2,76746218,383.731
blake3-host-pure,scoped-root-one-region,0,0,1,129,200000,3,76890750,384.453
blake3-host-pure,scoped-root-one-region,0,0,1,129,200000,4,76742847,383.714
blake3-host-pure,sparse-union-update,256,1,12,5095,500,0,4893465,9786.930
blake3-host-pure,sparse-union-update,256,1,12,5095,500,1,4869414,9738.828
blake3-host-pure,sparse-union-update,256,1,12,5095,500,2,4913605,9827.210
blake3-host-pure,sparse-union-update,256,1,12,5095,500,3,4896915,9793.830
blake3-host-pure,sparse-union-update,256,1,12,5095,500,4,4892335,9784.670
blake3-host-pure,sparse-union-update,256,16,113,74024,500,0,67433327,134866.654
blake3-host-pure,sparse-union-update,256,16,113,74024,500,1,67711962,135423.924
blake3-host-pure,sparse-union-update,256,16,113,74024,500,2,67623221,135246.442
blake3-host-pure,sparse-union-update,256,16,113,74024,500,3,67417176,134834.352
blake3-host-pure,sparse-union-update,256,16,113,74024,500,4,67231463,134462.926
blake3-host-pure,dense-union-update,256,256,769,1091448,16,0,30367729,1897983.062
blake3-host-pure,dense-union-update,256,256,769,1091448,16,1,30406939,1900433.687
blake3-host-pure,dense-union-update,256,256,769,1091448,16,2,30375348,1898459.250
blake3-host-pure,dense-union-update,256,256,769,1091448,16,3,30356259,1897266.187
blake3-host-pure,dense-union-update,256,256,769,1091448,16,4,30758396,1922399.750
blake3-host-pure,sparse-union-update,4096,1,16,5451,500,0,5386544,10773.088
blake3-host-pure,sparse-union-update,4096,1,16,5451,500,1,5370574,10741.148
blake3-host-pure,sparse-union-update,4096,1,16,5451,500,2,5360724,10721.448
blake3-host-pure,sparse-union-update,4096,1,16,5451,500,3,5370044,10740.088
blake3-host-pure,sparse-union-update,4096,1,16,5451,500,4,5365354,10730.708
blake3-host-pure,sparse-union-update,4096,16,177,79720,500,0,75080045,150160.090
blake3-host-pure,sparse-union-update,4096,16,177,79720,500,1,75238359,150476.718
blake3-host-pure,sparse-union-update,4096,16,177,79720,500,2,75244608,150489.216
blake3-host-pure,sparse-union-update,4096,16,177,79720,500,3,75163467,150326.934
blake3-host-pure,sparse-union-update,4096,16,177,79720,500,4,75234218,150468.436
blake3-host-pure,dense-union-update,4096,4096,12289,17461368,16,0,492338262,30771141.375
blake3-host-pure,dense-union-update,4096,4096,12289,17461368,16,1,486045530,30377845.625
blake3-host-pure,dense-union-update,4096,4096,12289,17461368,16,2,485556870,30347304.375
blake3-host-pure,dense-union-update,4096,4096,12289,17461368,16,3,485568391,30348024.437
blake3-host-pure,dense-union-update,4096,4096,12289,17461368,16,4,486321655,30395103.437
sha256-offline-comparison,page-4096,0,0,1,4121,50000,0,105206009,2104.120
sha256-offline-comparison,page-4096,0,0,1,4121,50000,1,105188309,2103.766
sha256-offline-comparison,page-4096,0,0,1,4121,50000,2,105394362,2107.887
sha256-offline-comparison,page-4096,0,0,1,4121,50000,3,105033756,2100.675
sha256-offline-comparison,page-4096,0,0,1,4121,50000,4,104942264,2098.845
sha256-offline-comparison,final-partial-page-4095,0,0,1,4120,50000,0,104840862,2096.817
sha256-offline-comparison,final-partial-page-4095,0,0,1,4120,50000,1,104973125,2099.462
sha256-offline-comparison,final-partial-page-4095,0,0,1,4120,50000,2,104980134,2099.602
sha256-offline-comparison,final-partial-page-4095,0,0,1,4120,50000,3,104959624,2099.192
sha256-offline-comparison,final-partial-page-4095,0,0,1,4120,50000,4,104948514,2098.970
sha256-offline-comparison,final-partial-page-1,0,0,1,26,500000,0,29392139,58.784
sha256-offline-comparison,final-partial-page-1,0,0,1,26,500000,1,29419380,58.838
sha256-offline-comparison,final-partial-page-1,0,0,1,26,500000,2,29479072,58.958
sha256-offline-comparison,final-partial-page-1,0,0,1,26,500000,3,29403380,58.806
sha256-offline-comparison,final-partial-page-1,0,0,1,26,500000,4,29383039,58.766
sha256-offline-comparison,leaf,0,0,1,53,500000,0,28102385,56.204
sha256-offline-comparison,leaf,0,0,1,53,500000,1,28140425,56.280
sha256-offline-comparison,leaf,0,0,1,53,500000,2,28141456,56.282
sha256-offline-comparison,leaf,0,0,1,53,500000,3,28098314,56.196
sha256-offline-comparison,leaf,0,0,1,53,500000,4,28127245,56.254
sha256-offline-comparison,branch,0,0,1,89,500000,0,49655163,99.310
sha256-offline-comparison,branch,0,0,1,89,500000,1,49699843,99.399
sha256-offline-comparison,branch,0,0,1,89,500000,2,49635562,99.271
sha256-offline-comparison,branch,0,0,1,89,500000,3,49637912,99.275
sha256-offline-comparison,branch,0,0,1,89,500000,4,49591131,99.182
sha256-offline-comparison,region-tree,0,0,1,80,500000,0,49922037,99.844
sha256-offline-comparison,region-tree,0,0,1,80,500000,1,49941468,99.882
sha256-offline-comparison,region-tree,0,0,1,80,500000,2,49988929,99.977
sha256-offline-comparison,region-tree,0,0,1,80,500000,3,49895657,99.791
sha256-offline-comparison,region-tree,0,0,1,80,500000,4,49919367,99.838
sha256-offline-comparison,scoped-root-one-region,0,0,1,129,200000,0,29567273,147.836
sha256-offline-comparison,scoped-root-one-region,0,0,1,129,200000,1,29515412,147.577
sha256-offline-comparison,scoped-root-one-region,0,0,1,129,200000,2,29600644,148.003
sha256-offline-comparison,scoped-root-one-region,0,0,1,129,200000,3,29577763,147.888
sha256-offline-comparison,scoped-root-one-region,0,0,1,129,200000,4,29303798,146.518
sha256-offline-comparison,sparse-union-update,256,1,12,5095,500,0,1597941,3195.882
sha256-offline-comparison,sparse-union-update,256,1,12,5095,500,1,1615261,3230.522
sha256-offline-comparison,sparse-union-update,256,1,12,5095,500,2,1604851,3209.702
sha256-offline-comparison,sparse-union-update,256,1,12,5095,500,3,1610842,3221.684
sha256-offline-comparison,sparse-union-update,256,1,12,5095,500,4,1588911,3177.822
sha256-offline-comparison,sparse-union-update,256,16,113,74024,500,0,21325073,42650.146
sha256-offline-comparison,sparse-union-update,256,16,113,74024,500,1,21240751,42481.502
sha256-offline-comparison,sparse-union-update,256,16,113,74024,500,2,21221382,42442.764
sha256-offline-comparison,sparse-union-update,256,16,113,74024,500,3,21229241,42458.482
sha256-offline-comparison,sparse-union-update,256,16,113,74024,500,4,21273312,42546.624
sha256-offline-comparison,dense-union-update,256,256,769,1091448,16,0,9249710,578106.875
sha256-offline-comparison,dense-union-update,256,256,769,1091448,16,1,9229498,576843.625
sha256-offline-comparison,dense-union-update,256,256,769,1091448,16,2,9258530,578658.125
sha256-offline-comparison,dense-union-update,256,256,769,1091448,16,3,9243579,577723.687
sha256-offline-comparison,dense-union-update,256,256,769,1091448,16,4,9232949,577059.312
sha256-offline-comparison,sparse-union-update,4096,1,16,5451,500,0,1789054,3578.108
sha256-offline-comparison,sparse-union-update,4096,1,16,5451,500,1,1791145,3582.290
sha256-offline-comparison,sparse-union-update,4096,1,16,5451,500,2,1798135,3596.270
sha256-offline-comparison,sparse-union-update,4096,1,16,5451,500,3,1790894,3581.788
sha256-offline-comparison,sparse-union-update,4096,1,16,5451,500,4,1798555,3597.110
sha256-offline-comparison,sparse-union-update,4096,16,177,79720,500,0,24417233,48834.466
sha256-offline-comparison,sparse-union-update,4096,16,177,79720,500,1,24422873,48845.746
sha256-offline-comparison,sparse-union-update,4096,16,177,79720,500,2,24435684,48871.368
sha256-offline-comparison,sparse-union-update,4096,16,177,79720,500,3,24448044,48896.088
sha256-offline-comparison,sparse-union-update,4096,16,177,79720,500,4,24386072,48772.144
sha256-offline-comparison,dense-union-update,4096,4096,12289,17461368,16,0,148303484,9268967.750
sha256-offline-comparison,dense-union-update,4096,4096,12289,17461368,16,1,148612430,9288276.875
sha256-offline-comparison,dense-union-update,4096,4096,12289,17461368,16,2,148456647,9278540.437
sha256-offline-comparison,dense-union-update,4096,4096,12289,17461368,16,3,148429107,9276819.187
sha256-offline-comparison,dense-union-update,4096,4096,12289,17461368,16,4,148283293,9267705.812
